Date,Nature,eurusd,gb03_2_last,gb06_2_last,gt03_2_last,tot_spx,gt10_2_last,gt05_2_last,gb12_2_last,tech_ndx,gb30d_03m_fut,gt02_fut,gt05_fut,gb30d_09m_fut,gb30d_01m_fut,gt10_fut,bcom,gb30d_06m_fut
2004-05-04,Meeting,0.015399999999999858,0.031000000000000028,0.030999999999999917,0.04200000000000026,2.0599999999999454,0.06599999999999984,0.05699999999999994,,6.819999999999936,0.010000000000005116,0.03125,-0.078125,-0.0049999999999954525,0.0049999999999954525,-0.203125,1.509999999999991,-0.0049999999999954525
2004-06-29,Meeting,-0.010499999999999954,0.07200000000000006,0.0009999999999998899,-0.04599999999999982,2.8500000000001364,-0.04900000000000038,-0.05500000000000016,,12.580000000000155,-0.0049999999999954525,0.0546875,0.21875,0.020000000000010232,-0.0049999999999954525,0.34375,-0.9610000000000127,0.010000000000005116
2004-08-10,Meeting,-0.0036000000000000476,0.01100000000000012,0.07299999999999995,0.17300000000000004,13.819999999999936,0.03300000000000036,0.07200000000000006,,27.88000000000011,-0.01999999999999602,-0.203125,-0.34375,-0.09999999999999432,-0.015000000000000568,-0.359375,-0.28999999999999204,-0.04999999999999716
2004-09-21,Meeting,0.016000000000000014,0.020999999999999908,0.03200000000000003,0.02799999999999958,7.099999999999909,-0.020999999999999908,0.010000000000000231,,11.190000000000055,-0.005000000000009663,-0.06874999999999432,-0.1875,-0.03499999999999659,-0.005000000000009663,-0.125,2.587999999999994,-0.025000000000005684
2004-11-10,Meeting,-0.001100000000000101,-0.020000000000000018,-0.01100000000000012,0.054999999999999716,-1.1699999999998454,0.0129999999999999,0.03100000000000014,,-9.940000000000055,-0.0049999999999954525,-0.0859375,-0.15625,-0.01999999999999602,0.0,-0.265625,2.383999999999986,-0.009999999999990905
2004-12-14,Meeting,-0.0016000000000000458,0.001000000000000334,0.02200000000000024,-0.016999999999999904,4.7000000000000455,-0.025000000000000355,-0.020999999999999908,,6.2999999999999545,0.0,0.0,0.109375,0.0,0.0,0.109375,0.4420000000000073,0.0
2005-02-01,Meeting,0.0007999999999999119,0.052000000000000046,0.04300000000000015,0.005999999999999783,8.1400000000001,0.009999999999999787,0.006999999999999673,,4.029999999999973,-0.0049999999999954525,0.0078125,0.015625,0.0,-0.22499999999999432,0.015625,-1.2849999999999966,0.005000000000009663
2005-03-22,Meeting,-0.007000000000000117,0.052000000000000046,0.07499999999999973,0.11699999999999955,-12.079999999999927,0.11799999999999944,0.1379999999999999,,-19.360000000000127,0.0,-0.15625,-0.953125,-0.06999999999999318,0.0,-1.515625,-0.7669999999999959,-0.010000000000005116
2005-05-03,Meeting,0.0009000000000001229,0.02200000000000024,0.03300000000000036,-0.006000000000000227,-0.9900000000000091,-0.021999999999999353,-0.009999999999999787,,3.8999999999998636,-0.0049999999999954525,-0.0546875,-0.125,-0.0350000000000108,0.0,-0.125,-2.530000000000001,-0.020000000000010232
2005-06-29,Meeting,0.0016000000000000458,-0.010000000000000231,-0.01100000000000012,0.0,-1.7200000000000273,0.008000000000000007,0.0,,-4.5,0.0,-0.046875,-0.078125,-0.015000000000000568,0.0,-0.171875,-0.20999999999997954,-0.0049999999999954525
2005-08-09,Meeting,0.0019000000000000128,0.0129999999999999,0.002000000000000224,-0.04300000000000015,8.25,-0.03000000000000025,-0.04300000000000015,,11.170000000000073,0.0,0.046875,0.15625,0.015000000000000568,0.0,0.234375,-1.7460000000000093,0.0049999999999954525
2005-09-20,Meeting,-0.0026999999999999247,0.07400000000000029,0.04400000000000004,0.04600000000000026,-9.670000000000073,-0.004000000000000448,0.02800000000000047,,-7.849999999999909,-0.0049999999999954525,-0.109375,-0.125,-0.08500000000000796,-0.0049999999999954525,-0.09375,-1.4339999999999975,-0.06499999999999773
2005-11-01,Meeting,0.0026999999999999247,0.07500000000000018,0.03399999999999981,0.02400000000000002,-4.25,0.012000000000000455,0.014000000000000234,,-2.660000000000082,0.0,-0.0546875,-0.078125,-0.03999999999999204,-0.22999999999998977,-0.09375,-0.8249999999999886,-0.0049999999999954525
2005-12-13,Meeting,-0.0009000000000001229,-0.008000000000000007,0.02400000000000002,-0.029000000000000803,7.0,-0.02800000000000047,-0.028999999999999915,,7.420000000000073,0.0,0.0234375,0.09375,0.01999999999999602,0.0,0.140625,2.1330000000000098,0.0
2006-01-31,Meeting,0.006599999999999939,0.0129999999999999,0.0030000000000001137,0.011999999999999567,-5.110000000000127,-0.009999999999999787,-0.0030000000000001137,,-2.7000000000000455,0.0,-0.0234375,-0.046900000000007935,0.0,0.0,-0.046875,-0.5549999999999784,-0.009999999999990905
2006-03-27,Meeting,-0.0020000000000000018,-0.01100000000000012,-0.0009999999999994458,0.03500000000000014,-1.3400000000001455,0.03399999999999981,0.03200000000000003,,0.8200000000001637,-0.0049999999999954525,-0.046875,-0.109375,-0.005000000000009663,-0.0049999999999954525,-0.171875,0.2680000000000007,0.0
2006-05-10,Meeting,0.0023999999999999577,-0.01100000000000012,-0.01100000000000012,0.019999999999999574,-2.290000000000191,0.0019999999999997797,0.010999999999999233,,-16.350000000000136,0.0,-0.03125,-0.046875,-0.020000000000010232,0.0049999999999954525,-0.046875,3.100999999999999,-0.0049999999999954525
2006-06-28,Meeting,-0.0020999999999999908,-0.041999999999999815,0.0,0.041999999999999815,6.7999999999999545,0.04300000000000015,0.043999999999999595,,11.25,0.009999999999990905,-0.046875,-0.140625,-0.01999999999999602,0.009999999999990905,-0.21875,0.3810000000000002,-0.005000000000009663
2006-08-08,Meeting,-0.0009999999999998899,-0.006000000000000227,-0.02800000000000047,-0.0389999999999997,-4.289999999999964,-0.002000000000000668,-0.020999999999999908,,-9.330000000000155,0.03999999999999204,0.0625,0.09375,0.029999999999986926,0.030000000000001137,0.046875,-0.6539999999999964,0.025000000000005684
2006-09-20,Meeting,0.0007999999999999119,-0.021999999999999353,0.01100000000000012,0.011999999999999567,6.870000000000118,-0.004000000000000448,0.0030000000000001137,,24.279999999999973,0.0,-0.0234375,0.03125,-0.0049999999999954525,0.0,0.109375,-1.0340000000000202,0.0
2006-10-24,Meeting,0.0005999999999999339,0.013999999999999346,0.013999999999999346,0.0,0.36000000000012733,-0.008000000000000007,-0.0030000000000001137,,-12.049999999999955,0.0,0.0,-0.03125,-0.009999999999990905,0.0,-0.015625,0.7410000000000139,0.0
2006-12-12,Meeting,0.0047999999999999154,0.004000000000000448,-0.006999999999999673,-0.04600000000000026,-1.4800000000000182,-0.032999999999999474,-0.041999999999999815,,-9.769999999999982,0.0,0.0859375,0.203125,0.020000000000010232,0.0,0.234375,-0.8360000000000127,0.0049999999999954525
2007-01-30,Meeting,0.0012999999999998568,0.008999999999999453,-0.0129999999999999,-0.025000000000000355,8.200000000000045,-0.020999999999999908,-0.020999999999999908,,2.6800000000000637,0.0,0.0234375,0.0625,0.005000000000009663,0.0,0.09375,4.100999999999999,0.0
2007-03-20,Meeting,0.0016000000000000458,0.02999999999999936,-0.013000000000000789,-0.022999999999999687,8.88000000000011,-0.014000000000000234,-0.02200000000000024,,9.019999999999982,0.0,0.046875,0.09375,0.0,0.0,0.140625,0.0630000000000166,0.0
2007-05-09,Meeting,-0.0015000000000000568,-0.027000000000000135,-0.026999999999999247,0.05399999999999938,4.8599999999999,0.030999999999999694,0.04300000000000015,,5.820000000000164,-0.0049999999999954525,-0.1015625,-0.203125,-0.03999999999999204,0.0,-0.3125,-0.23799999999999955,-0.010000000000005116
2007-06-27,Meeting,-0.00019999999999997797,-0.03699999999999992,-0.04800000000000004,0.02400000000000002,13.459999999999809,0.0019999999999997797,0.01100000000000012,,24.419999999999845,0.0,0.03125,0.140625,0.0049999999999954525,0.0,0.21875,0.4230000000000018,0.0
2007-08-07,Meeting,-0.005700000000000038,0.07599999999999962,0.056999999999999496,0.04800000000000004,9.039999999999964,0.030999999999999694,0.028999999999999915,,7.270000000000209,-0.03999999999999204,-0.078125,-0.125,-0.08499999999999375,-0.020000000000010232,-0.109375,0.3230000000000075,-0.0799999999999983
2007-08-10,Conference Call,0.0015000000000000568,-0.23099999999999987,-0.05600000000000005,0.019000000000000128,0.5500000000001819,0.040000000000000036,0.02800000000000047,,-11.61999999999989,0.025000000000005684,0.0234375,0.03125,0.06499999999999773,0.0,0.109375,0.08300000000002683,0.06500000000001194
2007-08-16,Conference Call,-0.0016000000000000458,-0.2290000000000001,-0.13900000000000023,-0.07299999999999951,4.569999999999936,-0.06700000000000017,-0.09100000000000019,,-18.830000000000155,0.04000000000000625,0.3125,0.6875,0.15500000000000114,0.010000000000005116,0.671875,-5.652000000000015,0.16499999999999204
2007-09-18,Meeting,0.011700000000000044,-0.08499999999999996,-0.22599999999999998,-0.08700000000000019,43.12999999999988,0.006000000000000227,-0.052999999999999936,,52.289999999999964,0.05999999999998806,0.1640625,0.234375,0.18999999999999773,0.05999999999998806,0.109375,0.5740000000000123,0.17499999999999716
2007-10-30,Meeting,0.000700000000000145,-0.008000000000000007,0.0030000000000001137,-0.006999999999999673,-9.960000000000036,-0.0019999999999997797,-0.004000000000000448,,4.190000000000055,0.0,-0.015625,0.0,-0.03999999999999204,-0.0049999999999954525,0.0,-2.3659999999999854,-0.024999999999991473
2007-12-06,Conference Call,0.0027999999999999137,0.020000000000000018,0.009999999999999787,,22.339999999999918,0.052999999999999936,0.05799999999999983,,28.340000000000146,-0.0049999999999954525,-0.1953125,-0.375,-0.05500000000000682,-0.0049999999999954525,-0.53125,1.8880000000000052,-0.009999999999990905
2007-12-11,Meeting,-0.005700000000000038,-0.1280000000000001,-0.10899999999999999,,-38.309999999999945,-0.18799999999999972,-0.2450000000000001,,-51.16000000000031,-0.005000000000009663,0.3359375,0.890625,0.045000000000001705,-0.005000000000009663,1.21875,1.3269999999999982,0.0
2008-01-09,Conference Call,-0.0047999999999999154,0.015000000000000124,0.0479999999999996,,18.940000000000055,0.039000000000000146,0.05699999999999994,,38.87000000000012,0.04999999999999716,0.171875,0.3125,0.09999999999999432,0.0,0.3125,-0.7649999999999864,0.10999999999999943
2008-01-21,Conference Call,-0.016699999999999937,0.0,0.0,,-14.690000000000055,-0.001000000000000334,-0.0009999999999998899,,-48.48000000000002,0.519999999999996,0.3203125,0.890625,0.375,0.2150000000000034,1.15625,-2.858000000000004,0.394999999999996
2008-01-29,Meeting,-0.0004999999999999449,0.03600000000000003,0.03699999999999992,,8.329999999999927,0.09699999999999998,0.09299999999999997,,2.5900000000001455,-0.03499999999999659,-0.125,-0.328125,-0.04999999999999716,0.0,-0.46875,1.7090000000000032,-0.015000000000000568
2008-03-10,Conference Call,-0.001100000000000101,-0.11299999999999999,-0.08299999999999996,,-20.0,-0.07699999999999996,-0.05400000000000027,,-34.47000000000003,-0.015000000000000568,0.0625,0.2265625,0.01999999999999602,-0.015000000000000568,0.78125,0.1939999999999884,0.0
2008-03-18,Meeting,-0.010499999999999954,-0.118,0.015000000000000124,,54.1400000000001,0.17700000000000005,0.2530000000000001,,73.8599999999999,-0.07000000000000739,-0.46875,-0.9375,-0.23499999999999943,-0.07000000000000739,-0.984375,4.083999999999975,-0.19499999999999318
2008-04-29,Meeting,-0.008500000000000174,0.09699999999999998,0.027000000000000135,,-5.429999999999836,-0.005999999999999783,-0.007000000000000117,,10.339999999999918,0.0,0.03125,0.1328125,0.03499999999999659,0.0,0.046875,-4.694000000000017,0.015000000000000568
2008-06-24,Meeting,0.004999999999999893,-0.050000000000000044,-0.03000000000000025,,-3.7100000000000364,-0.08200000000000074,-0.10400000000000009,-0.041999999999999815,-9.569999999999936,0.005000000000009663,0.1953125,0.3984375,0.060000000000002274,0.005000000000009663,0.6875,-1.1920000000000073,0.0049999999999954525
2008-07-24,Conference Call,-0.0020999999999999908,0.09199999999999986,-0.02100000000000013,,-29.65000000000009,-0.11900000000000022,-0.17399999999999993,-0.09399999999999986,-28.579999999999927,0.01999999999999602,0.390625,0.8671875,0.2049999999999983,0.0,1.140625,-1.7460000000000093,0.11999999999999034
2008-08-05,Meeting,-0.012199999999999989,0.040999999999999925,0.06300000000000017,,35.86000000000013,0.05500000000000016,0.040999999999999925,-0.020999999999999908,64.92000000000007,0.005000000000009663,-0.0078125,-0.078125,0.045000000000001705,0.0049999999999954525,-0.140625,-1.6199999999999761,0.024999999999991473
2008-09-16,Meeting,-0.011399999999999855,-0.11199999999999999,-0.010000000000000009,,20.889999999999873,0.04900000000000038,0.05900000000000016,0.020999999999999908,18.61999999999989,-0.02750000000000341,-0.2890625,-0.3359375,-0.15500000000000114,-0.02750000000000341,-0.1875,-5.104000000000013,-0.10000000000000853
2008-09-29,Conference Call,-0.017900000000000027,-0.498,-0.30799999999999983,,-106.61999999999989,-0.2749999999999999,-0.379,-0.35399999999999987,-175.88999999999987,0.0024999999999977263,0.65625,1.46875,0.14500000000001023,0.0024999999999977263,1.765625,-9.245000000000005,0.09499999999999886
2008-10-07,Conference Call,0.008899999999999908,0.29500000000000004,0.11299999999999999,,-60.66000000000008,0.04999999999999982,0.016000000000000014,-0.062000000000000055,-81.29999999999995,-0.045000000000001705,-0.203125,-0.4453125,-0.06999999999999318,-0.22750000000000625,-0.828125,1.23599999999999,-0.030000000000001137
2008-10-28,Meeting,0.018999999999999906,0.0,-0.08199999999999985,,91.59000000000003,0.1469999999999998,0.11699999999999999,-0.020999999999999908,127.78999999999996,0.04000000000000625,-0.03125,-0.3203125,0.03499999999999659,0.0024999999999977263,-0.765625,0.4070000000000107,0.030000000000001137
2008-12-15,Meeting,0.03190000000000004,-0.01,0.0,-0.016000000000000014,-11.159999999999968,-0.058000000000000274,-0.02200000000000002,0.009999999999999953,-24.7800000000002,-0.01999999999999602,0.1171875,0.40625,-0.0049999999999954525,-0.01999999999999602,0.296875,-0.0030000000000001137,-0.01999999999999602
2009-01-16,Conference Call,0.01519999999999988,0.01100000000000001,0.009999999999999953,0.04200000000000004,6.3799999999999955,0.11299999999999999,0.10499999999999998,0.010000000000000009,14.620000000000118,0.0,0.0546875,-0.3515625,0.030000000000001137,-0.0024999999999977263,-0.484375,1.4279999999999973,0.015000000000000568
2009-01-27,Meeting,-0.0028999999999999027,0.034,0.018000000000000016,-0.05400000000000005,9.139999999999986,-0.11399999999999988,-0.08599999999999985,0.0020000000000000018,9.850000000000136,0.010000000000005116,0.0625,0.4609375,0.024999999999991473,0.0,1.0625,-3.9369999999999976,0.01999999999999602
2009-02-07,Conference Call,0.006299999999999972,-0.0030000000000000027,0.027000000000000024,0.028000000000000025,1.2899999999999636,-0.008000000000000007,0.010000000000000009,0.027000000000000024,4.160000000000082,-0.009999999999990905,-0.125,-0.1953125,-0.015000000000000568,-0.005000000000009663,-0.265625,-0.3260000000000076,-0.009999999999990905
2009-03-17,Meeting,0.0049000000000001265,0.0030000000000000027,0.028000000000000025,0.04299999999999993,24.230000000000018,0.052999999999999936,0.05600000000000005,0.020999999999999908,46.72000000000003,-0.0049999999999954525,-0.1015625,-0.3203125,0.0,-0.0049999999999954525,-0.484375,0.8739999999999952,0.0
2009-04-28,Meeting,0.011299999999999866,0.033,0.018000000000000016,0.07500000000000018,-2.3500000000000227,0.09899999999999975,0.09699999999999998,0.019999999999999962,-8.019999999999982,0.0,-0.09375,-0.3984375,-0.010000000000005116,0.0,-0.625,-1.1089999999999947,-0.005000000000009663
2009-06-03,Conference Call,-0.014100000000000001,-0.0040000000000000036,-0.008000000000000007,-0.038000000000000034,-12.980000000000018,-0.0730000000000004,-0.06699999999999973,0.028000000000000025,-4.869999999999891,-0.005000000000009663,0.09375,0.3125,0.0,-0.005000000000009663,0.59375,-4.290000000000006,0.0
2009-06-23,Meeting,0.021199999999999886,0.010000000000000009,0.0,-0.03200000000000003,2.060000000000059,-0.05999999999999961,-0.028000000000000025,-0.007000000000000006,-2.1499999999998636,0.0,0.0625,0.140625,0.0,0.0,0.34375,1.8449999999999989,0.0
2009-08-11,Meeting,0.0009000000000001229,0.01899999999999999,0.004999999999999949,-0.06600000000000006,-12.75,-0.1080000000000001,-0.0810000000000004,-0.018000000000000016,-15.740000000000009,0.0049999999999954525,0.09375,0.171875,0.05000000000001137,0.0024999999999977263,0.453125,-0.950000000000017,0.010000000000005116
2009-09-22,Meeting,0.01100000000000012,0.012999999999999998,0.010999999999999982,-0.026999999999999913,7.0,-0.03600000000000003,-0.037000000000000366,0.007000000000000006,2.509999999999991,0.0024999999999977263,0.0703125,0.1953125,0.0049999999999954525,0.0024999999999977263,-1.71875,2.1540000000000106,0.0
2009-11-03,Meeting,-0.0051000000000001044,0.006999999999999999,0.006000000000000005,0.0,2.5299999999999727,0.051000000000000156,0.02300000000000013,-0.01100000000000001,6.289999999999964,0.0,0.015625,-0.1171875,-0.0049999999999954525,0.0,-0.328125,1.4454000000000065,0.0
2009-12-15,Meeting,-0.011800000000000033,0.020999999999999998,0.01200000000000001,0.020999999999999908,-6.179999999999836,0.038000000000000256,0.040999999999999925,0.030999999999999972,-10.879999999999882,-0.005000000000009663,-0.046875,-0.296875,-0.024999999999991473,-0.005000000000009663,-0.3125,0.26899999999997704,-0.010000000000005116
2010-01-26,Meeting,-0.007900000000000018,0.017,0.00799999999999998,-0.004999999999999893,-4.619999999999891,-0.007000000000000117,-0.020000000000000018,0.0020000000000000018,1.4699999999998,-0.005000000000009663,-0.015625,0.0390625,-0.009999999999990905,0.0,0.09375,-1.5030999999999892,-0.0049999999999954525
2010-03-16,Meeting,0.00890000000000013,0.015000000000000013,0.005999999999999978,-0.03200000000000003,8.950000000000045,-0.04600000000000026,-0.04699999999999971,-0.02100000000000002,12.150000000000091,0.0,0.0703125,0.2578125,0.014999999999986358,0.0,0.453125,1.543200000000013,0.0
2010-04-27,Meeting,-0.02080000000000015,-0.0050000000000000044,0.0,-0.119,-28.339999999999918,-0.11699999999999999,-0.1419999999999999,-0.044999999999999984,-42.840000000000146,0.0,0.1953125,0.6484375,0.045000000000001705,0.0,1.078125,-2.398300000000006,0.01999999999999602
2010-05-09,Conference Call,0.0031999999999998696,0.024999999999999994,0.028999999999999998,0.07500000000000018,48.83999999999992,0.1160000000000001,0.09899999999999975,0.020000000000000018,93.16999999999985,0.005000000000009663,-0.0625,-0.3046875,0.0049999999999954525,0.015000000000000568,-0.75,1.5740000000000123,0.0049999999999954525
2010-06-22,Meeting,-0.0040999999999999925,0.009999999999999995,0.013999999999999985,-0.05400000000000005,-17.8900000000001,-0.07499999999999973,-0.05999999999999983,0.0010000000000000009,-15.299999999999955,0.0024999999999977263,0.0625,0.3203125,0.005000000000009663,0.0024999999999977263,-0.25,-0.5789999999999935,0.0
2010-08-10,Meeting,-0.0044999999999999485,0.008000000000000007,0.0050000000000000044,-0.038000000000000034,-6.730000000000018,-0.06999999999999984,-0.07499999999999996,-0.0050000000000000044,-15.930000000000064,0.0,0.0,0.15625,0.0,0.0,0.46875,-1.3495000000000061,0.0
2010-09-21,Meeting,0.020299999999999985,0.0050000000000000044,-0.0040000000000000036,-0.07399999999999995,-2.9300000000000637,-0.13000000000000034,-0.1120000000000001,0.0,-0.3200000000001637,0.0,0.0625,0.5546875,0.0049999999999954525,0.0,0.234375,-0.9474999999999909,0.0
2010-10-15,Conference Call,-0.010700000000000154,0.0,-0.0010000000000000009,-0.02100000000000002,2.380000000000109,0.052000000000000046,0.010000000000000009,0.0,43.2199999999998,0.0,0.0390625,0.0,0.0,0.0,-0.4375,-1.2484000000000037,0.0
2010-11-02,Meeting,0.014100000000000001,0.017,0.010000000000000009,0.0050000000000000044,9.179999999999836,-0.03699999999999992,-0.010000000000000009,0.0,23.299999999999727,0.0,-0.0078125,0.046875,0.0,0.0,0.21875,1.1240999999999985,0.0
2010-12-14,Meeting,-0.0012999999999998568,0.016999999999999987,0.007000000000000006,0.1060000000000001,1.1299999999998818,0.19799999999999995,0.19299999999999984,0.007000000000000006,5.140000000000327,0.0,-0.0546875,-0.6640625,0.0,0.0,-1.28125,-0.526600000000002,0.0
2011-01-25,Meeting,0.0043000000000001926,0.0,-0.0030000000000000027,-0.05900000000000005,0.3400000000001455,-0.07600000000000007,-0.06899999999999995,-0.0050000000000000044,3.6400000000003274,0.0,0.0859375,0.375,0.005000000000009663,0.0,0.6875,-2.7572000000000116,0.0
2011-03-15,Meeting,0.0005999999999999339,0.015,0.009000000000000008,0.0,-14.52000000000021,-0.052999999999999936,-0.010000000000000009,0.0040000000000000036,-31.09999999999991,0.0,-0.03125,-0.015625,0.0,0.0,0.09375,-5.562299999999993,0.0
2011-04-26,Meeting,0.006199999999999983,0.010000000000000002,0.0010000000000000009,-0.05300000000000016,11.990000000000009,-0.05600000000000005,-0.05300000000000038,-0.004999999999999977,12.3100000000004,0.0049999999999954525,0.0546875,0.2265625,0.0049999999999954525,0.0,0.34375,-0.8200999999999965,0.0049999999999954525
2011-06-21,Meeting,0.010800000000000143,0.0,0.009999999999999995,0.0,17.160000000000082,0.02499999999999991,0.01200000000000001,0.0,47.460000000000036,0.002500000000011937,0.015625,-0.03125,0.0,0.002500000000011937,-0.0625,1.1918000000000006,0.0
2011-08-01,Conference Call,-0.014799999999999924,-0.018000000000000002,-0.014999999999999986,0.0050000000000000044,-5.339999999999918,-0.052000000000000046,-0.03400000000000003,-0.0050000000000000044,-8.759999999999764,0.0,0.0,0.234375,0.0,-0.05000000000001137,0.453125,-0.3300000000000125,0.0
2011-08-09,Meeting,0.01970000000000005,0.005000000000000001,0.0049999999999999975,-0.08599999999999997,53.069999999999936,-0.06899999999999995,-0.08800000000000008,-0.015,100.5,0.0,0.1484375,0.78125,0.009999999999990905,0.0,1.25,-0.2260000000000275,0.005000000000009663
2011-09-20,Meeting,0.0016000000000000458,0.005,0.01,0.0030000000000000027,-2.0,-0.01200000000000001,-0.0010000000000000009,0.0,-12.870000000000346,0.0,-0.015625,-0.0390625,-0.0049999999999954525,0.0,-0.078125,0.543200000000013,-0.0049999999999954525
2011-11-01,Meeting,-0.015499999999999847,0.004999999999999999,0.0,-0.008000000000000007,-35.01999999999998,-0.12399999999999989,-0.05599999999999994,-0.0050000000000000044,-61.710000000000036,0.0,0.046875,0.4375,0.0,-0.007499999999993179,1.1875,-2.245599999999996,0.0
2011-11-28,Conference Call,0.008099999999999996,-0.004999999999999999,0.0050000000000000044,-0.01799999999999996,33.87999999999988,0.010000000000000009,-0.007000000000000006,0.0,73.33999999999969,0.0,0.0390625,0.09375,0.0,0.0024999999999977263,0.0625,1.2864000000000146,0.0
2011-12-13,Meeting,-0.014999999999999902,0.005,0.010000000000000002,0.017000000000000015,-10.740000000000009,-0.04799999999999982,-0.009000000000000008,0.009999999999999995,-23.86999999999989,0.0024999999999977263,-0.015625,0.0078125,0.0,0.0024999999999977263,0.28125,0.8754000000000133,0.0
2012-01-24,Meeting,0.0023000000000001908,0.0,0.0050000000000000044,-0.0020000000000000018,-1.3399999999999181,0.008999999999999897,-0.010000000000000009,0.0,-3.2599999999997635,0.0,0.0,0.0546875,0.0,0.0,0.109375,0.4566999999999837,-0.0049999999999954525
2012-03-13,Meeting,-0.007099999999999884,0.0050000000000000044,0.010999999999999982,0.057999999999999996,24.860000000000127,0.09299999999999997,0.07599999999999996,0.010000000000000009,50.57999999999993,-0.002500000000011937,-0.03125,-0.2890625,-0.0049999999999954525,-0.002500000000011937,-0.59375,1.1076999999999941,-0.0049999999999954525
2012-04-24,Meeting,0.0040999999999999925,0.008000000000000007,0.009000000000000008,0.018000000000000016,5.029999999999973,0.038000000000000034,0.029000000000000026,0.010000000000000009,-14.769999999999982,0.0,-0.015625,-0.109375,-0.0049999999999954525,0.0,-0.203125,0.22820000000001528,-0.005000000000009663
2012-06-19,Meeting,0.01089999999999991,0.009999999999999995,0.0,0.010000000000000009,13.200000000000045,0.04600000000000004,0.02299999999999991,0.0,28.309999999999945,-0.002500000000011937,0.0,-0.09375,0.0,-0.002500000000011937,-0.1875,1.3218999999999994,0.0
2012-07-31,Meeting,0.0043999999999999595,0.0,-0.006000000000000005,-0.025999999999999968,-5.980000000000018,-0.03399999999999981,-0.030000000000000027,-0.010000000000000009,0.41000000000030923,0.0,0.0078125,0.078125,0.0,0.0024999999999977263,0.09375,-1.4516999999999882,0.0
2012-09-12,Meeting,0.0044999999999999485,0.0049999999999999906,0.0,0.01100000000000001,2.990000000000009,0.05699999999999994,0.027999999999999914,0.0,6.789999999999964,0.0,0.0078125,-0.125,0.0,0.0,-0.40625,0.820999999999998,0.0
2012-10-23,Meeting,-0.007300000000000084,0.009999999999999995,0.009999999999999981,-0.020999999999999963,-20.710000000000036,-0.05600000000000005,-0.03400000000000003,0.0,-28.539999999999964,0.0,0.03125,0.1015625,0.0,0.0,0.265625,-0.9584000000000117,0.0
2012-12-11,Meeting,0.006399999999999961,-0.010999999999999996,-0.0050000000000000044,0.0050000000000000044,9.289999999999964,0.038000000000000034,0.017000000000000015,-0.015000000000000013,34.5,0.0,0.0,-0.0703125,0.0,0.0,-0.1875,-0.555800000000005,0.0
2013-01-29,Meeting,0.0036000000000000476,0.0050000000000000044,0.010000000000000009,0.0030000000000000027,7.6599999999998545,0.038000000000000034,0.015000000000000013,0.0,1.150000000000091,0.005000000000009663,0.0390625,0.0390625,0.0049999999999954525,0.0,0.0,0.44700000000000273,0.0049999999999954525
2013-03-19,Meeting,-0.007500000000000062,-0.017999999999999995,0.0,-0.013000000000000012,-3.759999999999991,-0.052999999999999936,-0.029000000000000026,-0.0050000000000000044,-5.0300000000002,0.0,0.0234375,0.125,0.0,0.0,0.359375,-0.143100000000004,0.0
2013-05-30,Meeting,0.01089999999999991,-0.009999999999999998,-0.016,-0.0030000000000000027,6.050000000000182,-0.0040000000000000036,0.016999999999999904,0.0050000000000000044,17.009999999999764,0.0,0.0,0.015625,0.0,0.0,0.015625,-0.5339000000000169,0.0
2013-06-18,Meeting,0.0024999999999999467,0.0050000000000000044,0.0050000000000000044,-0.0020000000000000018,12.769999999999982,0.0030000000000001137,-0.0009999999999998899,0.0049999999999999906,24.829999999999927,0.0,0.0078125,0.0,0.0,0.0,-0.078125,0.13400000000001455,0.0
2013-07-30,Meeting,9.999999999998899e-05,0.02,0.010000000000000002,0.0,0.6300000000001091,0.008000000000000007,0.0009999999999998899,0.0,16.38000000000011,0.0,-0.0078125,-0.0703125,0.0,0.0,-0.109375,-0.9014000000000095,0.0
2013-09-17,Meeting,0.0025000000000001688,0.0,0.015,-0.02400000000000002,7.160000000000082,-0.017000000000000348,-0.014999999999999902,0.0,22.139999999999873,0.0,0.0390625,0.09375,0.0049999999999954525,0.0,0.15625,-0.8729999999999905,0.0
2013-10-16,Unscheduled,0.0009999999999998899,-0.015,0.01100000000000001,-0.03400000000000003,23.480000000000018,-0.06499999999999995,-0.04400000000000004,-0.025999999999999995,37.01000000000022,0.005000000000009663,0.03125,0.1875,0.0,0.007499999999993179,0.40625,0.4975000000000023,0.0
2013-10-29,Meeting,-0.0040000000000000036,0.02,0.0,-0.01100000000000001,9.840000000000146,-0.020000000000000018,-0.02499999999999991,0.0,9.070000000000164,0.0,0.015625,0.0703125,0.0,0.0,0.15625,-0.41500000000000625,0.0
2013-12-17,Meeting,0.0006999999999999229,0.0,0.0049999999999999906,-0.029000000000000026,-5.539999999999964,-0.04300000000000015,-0.038000000000000034,-0.0050000000000000044,-6.4699999999998,0.0,0.015625,0.1796875,0.0,0.0,0.296875,-0.2978999999999985,0.0
2014-01-28,Meeting,-0.00019999999999997797,-0.0049999999999999975,0.0,-0.013000000000000012,10.940000000000055,0.0009999999999998899,-0.01200000000000001,-0.0049999999999999906,-3.300000000000182,0.0,0.0234375,0.171875,0.0,0.0,0.265625,0.869899999999987,0.0
2014-03-04,Unscheduled,0.0008000000000001339,0.0,0.010000000000000009,0.04799999999999993,28.180000000000064,0.09699999999999998,0.07899999999999996,0.0050000000000000044,51.559999999999945,0.0,-0.046875,-0.2890625,0.0,0.0,-0.65625,0.6326999999999998,0.0
2014-03-18,Meeting,0.0011999999999998678,0.0,-0.0050000000000000044,-0.019000000000000017,13.420000000000073,-0.020000000000000018,-0.02100000000000013,0.0,44.10999999999967,0.0,0.0234375,0.125,0.0,0.0,0.171875,0.625,-0.005000000000009663
2014-04-29,Meeting,-0.0039000000000000146,0.002999999999999999,0.010000000000000002,0.0020000000000000018,8.899999999999864,-0.008999999999999897,-0.0040000000000000036,0.0,28.95999999999958,0.0,-0.0234375,-0.078125,0.0,0.0,-0.09375,0.852800000000002,0.0
2014-06-17,Meeting,-0.0026999999999999247,0.0030000000000000027,0.0,0.03700000000000003,4.210000000000036,0.05500000000000016,0.053999999999999826,-0.0050000000000000044,1.3900000000003274,0.0,-0.03125,-0.25,-0.0049999999999954525,0.0,-0.421875,-0.04929999999998813,-0.0049999999999954525
2014-07-29,Meeting,-0.0031000000000001027,-0.012,0.0050000000000000044,-0.008000000000000007,-8.960000000000036,-0.025000000000000355,-0.014999999999999902,0.0,-8.209999999999582,0.0,0.0078125,0.109375,0.0,0.0,0.25,-0.7087000000000216,0.0
2014-09-16,Meeting,0.0020000000000000018,0.0,0.001999999999999995,-0.008000000000000007,14.849999999999909,0.0030000000000001137,-0.013000000000000123,0.0050000000000000044,37.38000000000011,0.0,0.03125,0.109375,0.0,0.0,0.046875,0.9039999999999964,0.0
2014-10-28,Meeting,0.0036000000000000476,0.004999999999999999,-0.0049999999999999975,0.02399999999999991,23.419999999999845,0.03600000000000003,0.028000000000000025,0.0,60.61000000000013,0.0,-0.0078125,-0.09375,0.0,0.0,-0.1875,0.9301999999999992,0.0
2014-12-16,Meeting,0.007400000000000073,0.025,0.023000000000000007,-0.03699999999999992,-16.8900000000001,-0.05900000000000016,-0.05400000000000005,0.006000000000000005,-67.82000000000016,0.0,0.0546875,0.25,0.0,0.0,0.40625,-1.5150000000000006,0.0
2015-01-27,Meeting,0.01429999999999998,0.009999999999999998,0.016,-0.0030000000000000027,-27.54000000000019,-0.0009999999999998899,-0.0020000000000000018,-0.0050000000000000044,-110.22000000000025,0.0,0.03125,0.09375,0.005000000000009663,0.0,0.15625,0.5760999999999967,0.0
2015-03-17,Meeting,0.0029000000000001247,0.015,0.009999999999999981,0.014000000000000012,-6.9099999999998545,-0.021999999999999797,0.0,0.015000000000000013,5.1599999999998545,0.0,-0.0234375,0.0390625,-0.010000000000005116,0.0,0.265625,-0.3673000000000002,0.0
2015-04-28,Meeting,0.009000000000000119,0.0,-0.009999999999999995,0.04300000000000004,5.8400000000001455,0.08200000000000007,0.06399999999999983,0.0,-9.769999999999527,0.0,-0.0234375,-0.171875,-0.0049999999999954525,0.0,-0.359375,0.2960000000000065,0.0
2015-06-16,Meeting,-0.0035000000000000586,0.0,0.009999999999999995,-0.026999999999999913,11.860000000000127,-0.04700000000000015,-0.040999999999999925,0.0,22.979999999999563,0.0,0.0234375,0.1484375,0.009999999999990905,0.0,0.28125,0.2513000000000005,0.0
2015-07-28,Meeting,-0.0027999999999999137,0.015,0.014999999999999986,0.02399999999999991,25.610000000000127,0.03299999999999992,0.026000000000000023,0.010000000000000009,41.13999999999942,0.0,-0.015625,-0.0703125,-0.0049999999999954525,0.0,-0.15625,0.7486000000000104,0.0
2015-09-16,Meeting,0.0020999999999999908,-0.0050000000000000044,-0.030000000000000027,0.008000000000000007,17.220000000000027,0.007000000000000117,-0.0009999999999998899,0.016000000000000014,23.390000000000327,0.0024999999999977263,-0.0703125,-0.046875,-0.0049999999999954525,0.0024999999999977263,-0.171875,0.8879000000000019,-0.0049999999999954525
2015-10-27,Meeting,-0.0006999999999999229,0.0,0.031,-0.027000000000000024,-5.289999999999964,-0.019000000000000128,-0.029999999999999805,0.031000000000000028,8.3799999999992,0.005000000000009663,0.0546875,0.2109375,0.010000000000005116,0.0024999999999977263,0.328125,-0.33799999999999386,0.010000000000005116
2015-12-15,Meeting,-0.006099999999999994,0.04100000000000001,0.020000000000000018,0.03699999999999992,21.470000000000027,0.04400000000000004,0.039000000000000146,0.0050000000000000044,27.170000000000073,0.0,-0.0078125,-0.1953125,-0.0049999999999954525,0.0,-0.3125,-0.3827999999999889,0.0
2016-01-26,Meeting,0.0020999999999999908,0.026000000000000023,0.035999999999999976,-0.013000000000000123,26.550000000000182,-0.006999999999999673,-0.01100000000000012,0.015000000000000013,37.32000000000062,0.0,0.0546875,0.1484375,0.010000000000005116,0.0,0.265625,1.0030999999999892,0.0049999999999954525
2016-03-15,Meeting,0.0005999999999999339,0.015000000000000013,0.01100000000000001,0.010999999999999899,-3.7100000000000364,0.01100000000000012,0.014000000000000012,0.0050000000000000044,-0.25,0.0024999999999977263,-0.0078125,-0.0546875,-0.009999999999990905,0.0024999999999977263,-0.015625,-0.6088000000000022,0.0
2016-04-26,Meeting,0.0028999999999999027,-0.0050000000000000044,0.019999999999999962,0.014000000000000012,3.9099999999998545,0.014000000000000012,0.014999999999999902,0.010000000000000009,-21.159999999999854,0.0,-0.046875,-0.125,-0.015000000000000568,0.0,-0.203125,0.9581000000000017,-0.009999999999990905
2016-06-14,Meeting,-0.008499999999999952,0.01100000000000001,0.0040000000000000036,0.008000000000000007,-3.7399999999997817,0.0040000000000000036,0.01200000000000001,0.007000000000000006,2.149999999999636,0.0,-0.015625,0.0234375,-0.015000000000000568,0.0,0.03125,-0.31059999999999377,-0.0049999999999954525
2016-07-26,Meeting,-0.0008999999999999009,0.0,0.0030000000000000027,-0.0020000000000000018,0.6999999999998181,-0.01200000000000001,-0.006000000000000005,0.0050000000000000044,6.1799999999993815,-0.005000000000009663,0.0,0.0234375,0.0,-0.0024999999999977263,0.0625,-0.2020999999999873,-0.0049999999999954525
2016-09-20,Meeting,-0.0023999999999999577,0.04099999999999998,0.028000000000000025,-0.01100000000000001,0.6400000000003274,-0.02300000000000013,-0.018999999999999906,0.0,9.150000000000546,-0.0024999999999977263,-0.0078125,0.015625,-0.015000000000000568,-0.0024999999999977263,0.0625,0.6812999999999931,-0.0049999999999954525
2016-11-01,Meeting,0.007399999999999851,0.05199999999999999,0.01100000000000001,-0.006000000000000005,-14.430000000000291,0.0020000000000000018,-0.015000000000000124,-0.0050000000000000044,-34.33000000000084,0.0049999999999954525,0.0390625,0.140625,0.015000000000000568,-0.017499999999998295,0.171875,-0.3877999999999986,0.009999999999990905
2016-12-13,Meeting,-0.0008999999999999009,0.031000000000000028,0.03600000000000003,0.05800000000000005,14.759999999999764,0.0,0.02299999999999991,0.02100000000000002,61.539999999999964,-0.0024999999999977263,-0.0390625,-0.1171875,-0.010000000000005116,-0.0024999999999977263,-0.09375,-0.25370000000000914,-0.0049999999999954525
2017-01-31,Meeting,0.010300000000000198,0.010000000000000009,0.010000000000000009,-0.010999999999999899,-2.0300000000002,-0.0349999999999997,-0.03600000000000003,-0.015000000000000013,-12.55999999999949,0.0049999999999954525,0.015625,0.1171875,0.0049999999999954525,0.0,0.25,0.5628999999999991,0.0049999999999954525
2017-03-14,Meeting,-0.004899999999999904,0.020000000000000018,0.0,0.0,-8.019999999999982,-0.0259999999999998,-0.009999999999999787,-0.008000000000000007,-12.399999999999636,-0.0024999999999977263,-0.0078125,0.03125,0.0,-0.0024999999999977263,0.09375,-0.46649999999999636,0.0
2017-05-02,Meeting,0.0030999999999998806,0.040999999999999925,0.016000000000000014,-0.019000000000000128,2.8400000000001455,-0.03799999999999981,-0.038000000000000034,-0.006000000000000005,14.4399999999996,0.005000000000009663,0.046875,0.171875,0.01999999999999602,0.0,0.234375,-0.35660000000000025,0.0049999999999954525
2017-06-13,Meeting,0.0007999999999999119,0.0010000000000000009,0.015000000000000124,0.020999999999999908,10.960000000000036,-0.0029999999999996696,0.0040000000000000036,0.004999999999999893,43.63999999999942,0.0,0.0078125,0.0,0.0,0.0,0.046875,0.02360000000000184,0.0
2017-07-25,Meeting,0.000500000000000167,-0.0129999999999999,0.019000000000000128,0.04699999999999993,7.220000000000255,0.08000000000000007,0.06899999999999995,0.010000000000000009,-10.720000000000255,0.0,-0.0546875,-0.2890625,-0.010000000000005116,0.0,-0.578125,0.46689999999999543,-0.0049999999999954525
2017-09-19,Meeting,0.0040000000000000036,0.018000000000000016,0.016000000000000014,0.0030000000000001137,2.7800000000002,0.015000000000000124,0.008999999999999897,-0.0009999999999998899,9.960000000000036,0.0,-0.015625,-0.046875,-0.0049999999999954525,0.0,-0.09375,-0.24080000000000723,0.0
2017-10-31,Meeting,-0.0004999999999999449,0.03399999999999981,0.02400000000000002,0.030000000000000027,2.430000000000291,0.010999999999999677,0.020999999999999908,0.0129999999999999,20.970000000000255,0.0,-0.0390625,-0.0703125,-0.010000000000005116,0.0,-0.078125,0.04039999999999111,-0.005000000000009663
2017-12-12,Meeting,-0.0027000000000001467,0.039000000000000146,0.040999999999999925,0.014999999999999902,4.120000000000346,0.013000000000000345,0.016000000000000014,0.010000000000000009,-10.240000000000691,0.0,-0.0078125,-0.0546875,0.0,0.0,-0.140625,-0.7901999999999987,-0.0049999999999954525
2018-01-30,Meeting,0.0019000000000000128,0.038000000000000034,0.03299999999999992,0.008000000000000007,-31.100000000000364,0.026000000000000245,0.01499999999999968,0.0040000000000000036,-57.590000000000146,0.0,0.0,-0.0390625,-0.010000000000005116,0.0,-0.171875,-0.34539999999999793,-0.0049999999999954525
2018-03-20,Meeting,-0.009300000000000086,0.03200000000000003,0.0029999999999998916,0.03600000000000003,4.019999999999982,0.040999999999999925,0.040999999999999925,-0.0030000000000001137,21.039999999999964,0.0,-0.0625,-0.15625,-0.015000000000000568,0.0,-0.28125,0.19900000000001228,-0.010000000000005116
2018-05-01,Meeting,-0.008499999999999952,0.03699999999999992,0.02499999999999991,0.01399999999999979,6.75,0.010999999999999677,0.015000000000000124,0.01100000000000012,76.39000000000033,0.0,-0.046875,-0.15625,-0.009999999999990905,-0.012500000000002842,-0.25,-0.22590000000000998,0.0
2018-06-12,Meeting,-0.0038999999999997925,0.016000000000000014,0.0040000000000000036,0.019000000000000128,4.849999999999909,0.009000000000000341,0.0129999999999999,0.009999999999999787,40.70000000000073,0.0,-0.015625,-0.03125,-0.010000000000005116,0.0,-0.03125,0.25149999999999295,0.0
2018-07-31,Meeting,-0.0015000000000000568,0.038000000000000034,0.009999999999999787,0.008999999999999897,13.690000000000055,-0.013000000000000345,-0.0009999999999998899,0.0030000000000001137,38.8799999999992,0.0049999999999954525,0.0078125,0.0078125,0.0049999999999954525,0.0,0.046875,0.012600000000006162,0.0
2018-09-25,Meeting,0.0019000000000000128,0.041999999999999815,0.007000000000000117,0.01100000000000012,-3.8099999999999454,0.007000000000000117,0.014000000000000234,0.004999999999999893,14.4399999999996,-0.0024999999999977263,-0.03125,-0.09375,-0.0049999999999954525,-0.0024999999999977263,-0.171875,0.23269999999999413,-0.0049999999999954525
2018-11-07,Meeting,-9.999999999998899e-05,0.0129999999999999,-0.0009999999999998899,0.029999999999999805,58.440000000000055,0.007000000000000117,0.02400000000000002,0.040999999999999925,214.27999999999975,-0.0049999999999954525,-0.0234375,-0.0546875,-0.009999999999990905,0.0,-0.015625,0.05740000000000123,-0.0049999999999954525
2018-12-18,Meeting,0.0013000000000000789,0.002000000000000224,-0.008000000000000007,-0.05500000000000016,0.2199999999997999,-0.040000000000000036,-0.04700000000000015,-0.025000000000000355,43.13000000000011,0.0,0.078125,0.1640625,0.030000000000001137,0.0,0.234375,-0.5850999999999971,0.009999999999990905
2019-01-29,,0.0004999999999999449,0.02400000000000002,0.016000000000000014,-0.029999999999999805,-3.849999999999909,-0.03500000000000014,-0.03500000000000014,-0.008999999999999897,-64.30000000000018,0.0,0.05078125,0.1484375,0.0,0.0,0.28125,0.6333000000000055,0.0
2019-03-19,,0.0015000000000000568,0.013000000000000345,0.0129999999999999,0.016999999999999904,-0.36999999999989086,0.008000000000000007,0.013000000000000345,-0.0129999999999999,23.0,0.0024999999999977263,-0.01171875,-0.046875,0.0,0.0024999999999977263,-0.09375,0.21650000000001057,0.0
2019-05-30,,-0.00019999999999997797,0.017999999999999794,0.008999999999999897,-0.052000000000000046,5.8400000000001455,-0.04899999999999993,-0.050000000000000266,-0.008999999999999897,28.539999999999964,-0.0049999999999954525,0.0078125,0.03125,0.0049999999999954525,0.0,0.0625,-0.2904000000000053,-0.0049999999999954525
2019-06-18,,-0.0023999999999999577,0.03400000000000025,-0.005999999999999783,-0.0129999999999999,28.079999999999927,-0.03500000000000014,-0.02300000000000013,0.027000000000000135,108.8799999999992,0.0024999999999977263,0.0078125,0.0546875,-0.010000000000005116,0.0024999999999977263,0.171875,0.45770000000000266,0.0049999999999954525
2019-07-30,,0.0009999999999998899,-0.03600000000000003,-0.03100000000000014,-0.01100000000000012,-7.789999999999964,-0.006999999999999673,-0.0050000000000001155,-0.006000000000000005,-36.60999999999967,-0.010000000000005116,0.0,-0.0625,-0.015000000000000568,0.0,-0.109375,0.07259999999999422,-0.01999999999999602
2019-09-17,,0.007199999999999873,-0.006999999999999895,-0.017000000000000126,-0.038000000000000034,7.739999999999782,-0.04500000000000015,-0.04200000000000004,-0.018000000000000016,36.38000000000011,-0.015000000000000568,0.06640625,0.1796875,-0.015000000000000568,-0.015000000000000568,0.1875,-1.5,-0.01999999999999602
2019-10-04,Unscheduled,0.0014000000000000679,-0.008000000000000007,-0.016000000000000014,0.013000000000000123,41.38000000000011,-0.004999999999999893,0.0,-0.006999999999999895,115.70000000000073,-0.01999999999999602,-0.03125,0.015625,-0.01999999999999602,0.009999999999990905,0.15625,0.19420000000000925,-0.030000000000001137
2019-10-29,,0.0011999999999998678,-0.02499999999999991,-0.01200000000000001,0.0040000000000000036,-2.5300000000002,-0.0040000000000000036,0.0,-0.01100000000000012,-63.159999999999854,0.0049999999999954525,0.00390625,0.0390625,-0.0049999999999954525,0.0024999999999977263,0.109375,0.11920000000000641,-0.009999999999990905
2019-12-10,,0.0027999999999999137,0.013000000000000123,0.010999999999999899,0.038000000000000034,-3.4400000000000546,0.02200000000000002,0.030000000000000027,0.0040000000000000036,-8.449999999998909,-0.0024999999999977263,-0.046875,-0.0625,-0.0049999999999954525,-0.0024999999999977263,-0.0625,0.3748999999999967,-0.0049999999999954525
2020-01-28,,0.00029999999999996696,0.019000000000000128,0.026999999999999913,0.037000000000000144,32.60999999999967,0.04800000000000004,0.038000000000000034,0.008000000000000007,138.75,-0.0049999999999954525,-0.05859375,-0.1484375,-0.03499999999999659,0.0,-0.28125,0.0858999999999952,-0.020000000000010232
2020-03-03,Unscheduled,0.0039000000000000146,-0.261,-0.22799999999999998,-0.19300000000000006,-86.86000000000013,-0.16400000000000015,-0.19799999999999995,-0.2250000000000001,-283.4899999999998,0.269999999999996,0.1875,0.453125,0.125,0.269999999999996,0.734375,0.7182999999999993,0.18999999999999773
2020-03-15,Unscheduled,0.007600000000000051,-0.058000000000000024,-0.08899999999999997,-0.174,-324.8899999999999,-0.243,-0.22599999999999998,-0.09399999999999997,-974.8800000000001,0.06499999999999773,0.15234375,0.96875,0.01999999999999602,0.06499999999999773,2.265625,-2.730399999999996,0.030000000000001137
2020-03-17,Cancelled,-0.018600000000000172,-0.04899999999999999,-0.031000000000000028,0.191,143.05999999999995,0.3610000000000001,0.252,0.013000000000000012,453.5699999999997,-0.017499999999998295,-0.23046875,-0.765625,-0.045000000000001705,-0.017499999999998295,-2.0,-0.5660999999999987,-0.030000000000001137
2020-03-19,Notation Vote,-0.022299999999999986,0.009,-0.039999999999999994,-0.09599999999999997,11.289999999999964,-0.051000000000000156,-0.09900000000000009,-0.021999999999999992,113.34000000000015,-0.002500000000011937,0.15625,0.71875,0.0049999999999954525,-0.002500000000011937,0.9375,1.9476000000000013,-0.010000000000005116
2020-03-23,Notation Vote,0.0038000000000000256,-0.024,0.024,-0.03899999999999998,-67.51999999999998,-0.05899999999999994,-0.04700000000000004,0.016000000000000014,12.63000000000011,0.012500000000002842,0.13671875,0.8046875,0.01999999999999602,0.012500000000002842,1.703125,0.9084999999999965,0.020000000000010232
2020-03-31,Notation Vote,-0.0017000000000000348,0.048,0.097,-0.0020000000000000018,-42.059999999999945,-0.05899999999999994,-0.03199999999999997,0.028999999999999998,-75.51000000000022,0.0,0.0234375,0.015625,-0.0049999999999954525,0.0,-0.140625,-0.2061999999999955,0.0
2020-04-28,,-0.0008999999999999009,-0.006000000000000005,-0.0030000000000000027,-0.020999999999999963,-15.090000000000146,-0.04700000000000004,-0.029000000000000026,-0.010000000000000009,-160.0599999999995,0.0,0.03125,0.171875,0.0,0.0,0.359375,0.08859999999999957,0.0
2020-06-09,,0.0045999999999999375,0.006000000000000005,-0.0020000000000000018,-0.019999999999999962,-25.210000000000036,-0.050000000000000044,-0.045999999999999985,-0.0020000000000000018,65.64999999999964,-0.0049999999999954525,0.04296875,0.21875,0.0,-0.0049999999999954525,0.421875,0.0853000000000037,0.0
2020-07-28,,-0.0036000000000000476,0.0059999999999999915,-0.013000000000000012,-0.015999999999999986,-20.9699999999998,-0.03600000000000003,-0.020999999999999963,-0.013999999999999985,-141.8799999999992,0.0,0.0234375,0.1328125,0.0,-0.0024999999999977263,0.234375,0.028500000000008185,0.0
2020-08-27,Notation Vote,-0.0008000000000001339,0.0040000000000000036,-0.0020000000000000018,0.016000000000000014,5.820000000000164,0.06400000000000006,0.028000000000000025,0.0,-45.780000000000655,0.0049999999999954525,-0.015625,-0.078125,-0.005000000000009663,0.0024999999999977263,-0.34375,0.3185000000000002,0.0
2020-09-15,,-0.0019000000000000128,-0.0010000000000000009,-0.0020000000000000018,0.0040000000000000036,17.659999999999854,0.007000000000000006,0.008000000000000007,-0.0030000000000000027,161.11000000000058,-0.0024999999999977263,-0.00390625,-0.03125,0.0,-0.0024999999999977263,-0.0625,0.05120000000000857,0.0
2020-11-04,,0.001100000000000101,-0.0050000000000000044,-0.010999999999999996,-0.026999999999999996,74.2800000000002,-0.135,-0.067,0.0030000000000000027,497.1100000000006,-0.0049999999999954525,0.05078125,0.3203125,0.0,-0.005000000000009663,0.890625,0.4327000000000112,-0.0049999999999954525
2020-12-15,,0.000700000000000145,0.00399999999999999,-0.0030000000000000027,0.001999999999999974,47.13000000000011,0.016000000000000014,0.007000000000000006,0.001999999999999988,133.71000000000095,0.0,-0.0078125,-0.0703125,-0.005000000000009663,0.0,-0.203125,0.5227000000000004,-0.005000000000009663
2021-01-26,,0.0020999999999999908,-0.006999999999999992,-0.0050000000000000044,0.0050000000000000044,-5.7400000000002365,0.0050000000000001155,0.00599999999999995,-0.0030000000000000027,6.899999999999636,0.005000000000009663,0.0,-0.0078125,-0.010000000000005116,0.0024999999999977263,0.0,0.5033999999999992,0.0
2021-03-16,,-0.0026000000000001577,-0.002999999999999999,0.0050000000000000044,0.0020000000000000018,-6.230000000000018,0.014000000000000012,0.0020000000000000018,0.000999999999999987,69.73999999999978,-0.002500000000011937,0.00390625,0.046875,-0.0049999999999954525,-0.002500000000011937,0.0,-0.0033999999999991815,-0.0049999999999954525
2021-04-27,,0.000500000000000167,-0.004,0.005000000000000001,0.01599999999999996,-0.8999999999996362,0.05499999999999994,0.052000000000000046,-0.0050000000000000044,-65.8799999999992,-0.005000000000009663,-0.01171875,-0.125,-0.0049999999999954525,-0.002500000000011937,-0.34375,0.5531000000000006,-0.0049999999999954525
2021-06-15,,0.0005999999999999339,0.0,0.0049999999999999975,0.0020000000000000018,-8.55999999999949,-0.0029999999999998916,-0.0030000000000000027,0.010000000000000002,-97.79000000000087,0.0,-0.01171875,0.0,-0.005000000000009663,0.0,0.015625,-0.7717999999999989,0.0
2021-07-27,,0.0014000000000000679,0.0010000000000000009,0.0,-0.016000000000000014,-20.840000000000146,-0.04799999999999982,-0.02300000000000002,-0.0010000000000000009,-168.98000000000138,0.0,0.015625,0.1015625,0.0049999999999954525,-0.0024999999999977263,0.265625,-0.8075999999999937,0.0
2021-09-21,,0.0,-0.006000000000000002,-0.005999999999999998,-0.0020000000000000018,-3.5399999999999636,0.01200000000000001,0.006000000000000005,0.0010000000000000009,15.579999999999927,0.0,0.0078125,-0.0390625,0.0,0.0,0.015625,-0.2856000000000023,0.0
2021-11-02,,-0.0027000000000001467,0.0010000000000000009,0.006000000000000005,-0.04500000000000004,16.979999999999563,-0.006000000000000005,-0.028999999999999915,0.0030000000000000027,67.20999999999913,0.0,0.12890625,0.2734375,0.024999999999991473,0.0,0.3125,0.575099999999992,0.010000000000005116
2021-12-14,,-0.0025000000000001688,-0.005999999999999998,0.0040000000000000036,0.02400000000000002,-34.88000000000011,0.026000000000000023,0.03200000000000003,0.0020000000000000018,-167.64999999999964,-0.0049999999999954525,-0.02734375,-0.125,-0.010000000000005116,-0.0049999999999954525,-0.21875,-0.5157000000000096,-0.005000000000009663
2022-01-25,,-0.0024999999999999467,0.024999999999999994,0.03300000000000003,0.008000000000000007,-53.68000000000029,-0.001000000000000112,0.006999999999999895,0.03599999999999992,-360.4599999999991,-0.015000000000000568,-0.08203125,-0.25,-0.04999999999999716,0.0,-0.390625,1.000700000000009,-0.03499999999999659
2022-03-15,,0.0015999999999998238,0.066,0.04799999999999993,0.0,89.34000000000015,0.01100000000000012,0.015000000000000124,-0.02300000000000013,411.9200000000001,0.0,0.0,-0.109375,0.010000000000005116,0.0,-0.140625,-1.9000000000000057,0.010000000000005116
2022-05-03,,0.0014000000000000679,0.125,0.029000000000000137,0.03399999999999981,20.099999999999454,-0.009999999999999787,0.017000000000000348,0.05400000000000027,14.049999999999272,-0.010000000000005116,-0.07421875,0.0234375,-0.06499999999999773,-0.0024999999999977263,0.171875,-0.3511000000000024,-0.0350000000000108
2022-06-14,,0.000700000000000145,0.17599999999999993,0.12200000000000033,0.10499999999999998,-14.150000000000091,0.11099999999999977,0.1080000000000001,0.03599999999999959,23.3700000000008,-0.08249999999999602,-0.28125,-0.5234375,-0.25499999999999545,-0.08249999999999602,-0.828125,-4.180800000000005,-0.28000000000000114
2022-07-26,,-0.010299999999999976,0.03799999999999981,-0.010999999999999677,0.039000000000000146,-45.789999999999964,0.01100000000000012,0.021999999999999797,0.01200000000000001,-241.51000000000022,0.0049999999999954525,-0.00390625,0.0625,0.01999999999999602,-0.0024999999999977263,0.203125,1.2664999999999935,0.030000000000001137
2022-09-20,,-0.005299999999999971,0.09699999999999998,-0.02400000000000002,0.04500000000000037,-43.960000000000036,0.07299999999999995,0.06299999999999972,-0.011999999999999567,-101.72999999999956,0.0,-0.0234375,-0.2265625,-0.0049999999999954525,0.0,-0.515625,0.449300000000008,0.015000000000000568
2022-11-01,,-0.0004999999999999449,0.05200000000000049,0.05400000000000027,0.056999999999999496,-15.88000000000011,-0.006000000000000227,0.0389999999999997,0.0129999999999999,-116.61999999999898,0.0,-0.09375,-0.0625,-0.0799999999999983,-0.7049999999999983,-0.015625,0.1634999999999991,-0.025000000000005684
2022-12-13,,0.009599999999999831,0.06200000000000028,-0.07400000000000073,-0.19099999999999984,29.090000000000146,-0.10999999999999988,-0.1379999999999999,-0.11699999999999999,127.76999999999862,0.010000000000005116,0.328125,0.703125,0.14499999999999602,0.010000000000005116,0.9375,2.2242000000000104,0.08500000000000796
2023-01-31,,0.0012000000000000899,0.008000000000000007,0.04800000000000004,-0.04600000000000026,58.82999999999993,-0.028000000000000025,-0.04499999999999993,-0.022999999999999687,189.54000000000087,0.0049999999999954525,0.09375,0.2109375,0.025000000000005684,-0.0024999999999977263,0.234375,1.001800000000003,0.020000000000010232
2023-03-21,,0.0046999999999999265,0.07999999999999918,0.12699999999999978,0.16800000000000015,51.29999999999973,0.12400000000000011,0.1589999999999998,0.23500000000000032,178.82999999999993,-0.005000000000009663,-0.4921875,-0.5859375,-0.40500000000000114,-0.005000000000009663,-0.953125,0.13719999999999288,-0.15500000000000114
2023-05-02,,0.0023000000000001908,0.12299999999999933,-0.10999999999999943,-0.1860000000000004,-48.289999999999964,-0.1429999999999998,-0.18599999999999994,-0.11899999999999977,-117.80999999999949,0.06499999999999773,0.30078125,0.7578125,0.16499999999999204,0.020000000000010232,1.0625,-1.3371999999999957,0.14500000000001023
2023-06-13,,0.0035999999999998256,-0.009000000000000341,-0.018000000000000682,0.05600000000000005,30.079999999999927,0.07699999999999996,0.09699999999999998,0.018000000000000682,116.55000000000109,0.022499999999993747,-0.2109375,-0.453125,-0.04999999999999716,0.022499999999993747,-0.6875,1.1735000000000042,0.03499999999999659
2023-07-25,,-0.0009000000000001229,0.004999999999999893,-0.019999999999999574,0.017000000000000348,12.819999999999709,0.0129999999999999,0.015000000000000568,0.005000000000000782,113.39999999999964,-0.005000000000009663,-0.10546875,-0.2734375,-0.024999999999991473,-0.0024999999999977263,-0.453125,0.5879999999999939,-0.01999999999999602
2023-09-19,,-0.0012999999999998568,-0.011999999999999567,-0.011999999999999567,0.051000000000000156,-9.579999999999927,0.05600000000000005,0.06199999999999939,0.014000000000000234,-34.14000000000124,0.0,-0.078125,-0.234375,-0.009999999999990905,0.0,-0.375,0.06380000000000052,0.0049999999999954525
2023-10-31,,-0.0040000000000000036,0.01100000000000012,0.020000000000000462,0.03200000000000003,26.980000000000473,0.03700000000000081,0.031000000000000583,0.030999999999999694,74.27000000000044,0.0,-0.06640625,-0.078125,-0.04999999999999716,0.0024999999999977263,-0.046875,0.14220000000000255,-0.01999999999999602
2023-12-12,,0.0028999999999999027,-0.0019999999999997797,-0.03200000000000003,-0.031000000000000583,21.26000000000022,-0.03200000000000003,-0.0259999999999998,0.004999999999999893,132.52000000000044,-0.0024999999999977263,-0.02734375,0.0859375,-0.005000000000009663,-0.0024999999999977263,0.21875,-0.938200000000009,-0.005000000000009663
2024-01-30,,0.0012000000000000899,-0.0009999999999994458,-0.006000000000000227,0.009000000000000341,-2.9600000000000364,-0.041999999999999815,-0.0129999999999999,0.02800000000000047,-119.56000000000131,-0.005000000000009663,-0.07421875,-0.0546875,-0.05000000000001137,0.0,0.109375,0.9475000000000051,-0.030000000000001137
2024-03-19,,-0.0005999999999999339,-0.009999999999999787,-0.002000000000000668,-0.04800000000000004,29.090000000000146,-0.031000000000000583,-0.04499999999999993,0.008000000000000007,47.20000000000073,0.0,0.10546875,0.2265625,0.010000000000005116,0.0,0.3125,-0.08780000000000143,0.005000000000009663
