Date,Nature,gb30d_03m_fut_before,gb30d_03m_fut_after,gt02_fut_before,gt02_fut_after,gt05_fut_before,gt05_fut_after,gb30d_09m_fut_before,gb30d_09m_fut_after,gb30d_01m_fut_before,gb30d_01m_fut_after,gt10_fut_before,gt10_fut_after,bcom_before,bcom_after,gb30d_06m_fut_before,gb30d_06m_fut_after
2004-01-27,Meeting,,,,,,,,,,,,,,,,
2004-03-16,Meeting,,,,,,,,,,,,,,,,
2004-05-04,Meeting,98.97,98.98,106.2578125,106.2890625,109.90625,109.828125,98.175,98.17,98.98,98.985,110.5,110.296875,150.422,151.932,98.61,98.605
2004-06-29,Meeting,98.985,98.98,105.734375,105.7890625,107.96875,108.1875,97.695,97.715,98.985,98.98,108.265625,108.609375,144.25,143.289,98.28,98.29
2004-08-10,Meeting,98.46,98.44,106.1171875,105.9140625,110.828125,110.484375,97.86,97.76,98.58,98.565,112.484375,112.125,145.432,145.142,98.105,98.055
2004-09-21,Meeting,98.415,98.41,106.334375,106.265625,111.890625,111.703125,97.78,97.745,98.415,98.41,114.34375,114.21875,145.608,148.196,98.045,98.02
2004-11-10,Meeting,97.89,97.885,105.421875,105.3359375,110.390625,110.234375,97.28,97.26,98.075,98.075,112.28125,112.015625,149.586,151.97,97.52,97.51
2004-12-14,Meeting,97.855,97.855,105.265625,105.265625,110.734375,110.84375,97.14,97.14,97.855,97.855,112.953125,113.0625,143.494,143.936,97.435,97.435
2005-02-01,Meeting,97.41,97.405,104.53125,104.5390625,109.25,109.265625,96.725,96.725,97.725,97.5,112.265625,112.28125,146.821,145.536,97.005,97.01
2005-03-22,Meeting,97.385,97.385,103.9453125,103.7890625,107.546875,106.59375,96.41,96.34,97.385,97.385,109.9375,108.421875,162.09,161.323,96.93,96.92
2005-05-03,Meeting,96.97,96.965,103.8828125,103.828125,108.515625,108.390625,96.29,96.255,97.0,97.0,111.5,111.375,152.57,150.04,96.525,96.505
2005-06-29,Meeting,96.965,96.965,104.03125,103.984375,108.8125,108.734375,96.235,96.22,96.965,96.965,113.4375,113.265625,154.843,154.633,96.46,96.455
2005-08-09,Meeting,96.385,96.385,103.0234375,103.0703125,106.671875,106.828125,95.725,95.74,96.535,96.535,109.953125,110.1875,162.77,161.024,95.905,95.91
2005-09-20,Meeting,96.395,96.39,103.53125,103.421875,107.890625,107.765625,95.93,95.845,96.395,96.39,111.46875,111.375,174.1,172.666,96.045,95.98
2005-11-01,Meeting,95.845,95.845,102.6015625,102.546875,105.890625,105.8125,95.32,95.28,96.225,95.995,108.453125,108.359375,166.516,165.691,95.52,95.515
2005-12-13,Meeting,95.84,95.84,102.6015625,102.625,105.9375,106.03125,95.245,95.265,95.84,95.84,108.484375,108.625,178.107,180.24,95.49,95.49
2006-01-31,Meeting,95.465,95.465,102.4453125,102.421875,105.7813,105.7344,95.18,95.18,95.72,95.72,108.484375,108.4375,174.224,173.669,95.21,95.2
2006-03-27,Meeting,95.42,95.415,102.1484375,102.1015625,105.09375,104.984375,94.98,94.975,95.42,95.415,107.484375,107.3125,162.972,163.24,95.065,95.065
2006-05-10,Meeting,94.975,94.975,101.6953125,101.6640625,103.796875,103.75,94.775,94.755,95.04,95.045,105.171875,105.125,180.895,183.996,94.8,94.795
2006-06-28,Meeting,94.98,94.99,101.2109375,101.1640625,103.140625,103.0,94.455,94.435,94.98,94.99,104.296875,104.078125,167.758,168.139,94.525,94.52
2006-08-08,Meeting,94.685,94.725,101.765625,101.828125,104.390625,104.484375,94.68,94.71,94.71,94.74,106.375,106.421875,177.227,176.573,94.64,94.665
2006-09-20,Meeting,94.75,94.75,101.96875,101.9453125,105.015625,105.046875,94.78,94.775,94.75,94.75,107.5,107.609375,157.621,156.587,94.735,94.735
2006-10-24,Meeting,94.75,94.75,101.828125,101.828125,104.640625,104.609375,94.785,94.775,94.75,94.75,106.765625,106.75,166.511,167.252,94.715,94.715
2006-12-12,Meeting,94.765,94.765,102.203125,102.2890625,105.8125,106.015625,94.895,94.915,94.765,94.765,108.78125,109.015625,169.062,168.226,94.78,94.785
2007-01-30,Meeting,94.75,94.75,101.6953125,101.71875,104.28125,104.34375,94.785,94.79,94.755,94.755,106.359375,106.453125,160.598,164.699,94.745,94.745
2007-03-20,Meeting,94.75,94.75,102.234375,102.28125,105.765625,105.859375,94.935,94.935,94.75,94.75,108.625,108.765625,166.558,166.621,94.775,94.775
2007-05-09,Meeting,94.755,94.75,102.234375,102.1328125,105.671875,105.46875,94.96,94.92,94.755,94.755,108.265625,107.953125,172.006,171.768,94.805,94.795
2007-06-27,Meeting,94.75,94.75,101.796875,101.828125,103.921875,104.0625,94.81,94.815,94.75,94.75,105.265625,105.484375,168.522,168.945,94.765,94.765
2007-08-07,Meeting,94.815,94.775,102.5078125,102.4296875,105.625,105.5,95.235,95.15,94.775,94.755,107.671875,107.5625,167.516,167.839,95.045,94.965
2007-08-10,Conference Call,94.875,94.9,102.53125,102.5546875,105.46875,105.5,95.295,95.36,94.795,94.795,107.375,107.484375,167.515,167.598,95.1,95.165
2007-08-16,Conference Call,95.05,95.09,102.8203125,103.1328125,106.109375,106.796875,95.49,95.645,95.03,95.04,108.1875,108.859375,167.33,161.678,95.305,95.47
2007-09-18,Meeting,95.01,95.07,103.2578125,103.421875,107.171875,107.40625,95.605,95.795,95.01,95.07,110.0625,110.171875,174.536,175.11,95.41,95.585
2007-10-30,Meeting,95.61,95.61,103.796875,103.78125,107.828125,107.828125,95.96,95.92,95.255,95.25,110.65625,110.65625,182.791,180.425,95.82,95.795
2007-12-06,Conference Call,95.755,95.75,105.2890625,105.09375,111.0625,110.6875,96.415,96.36,95.755,95.75,114.703125,114.171875,176.216,178.104,96.145,96.135
2007-12-11,Meeting,95.745,95.74,104.84375,105.1796875,109.9375,110.828125,96.245,96.29,95.745,95.74,113.171875,114.390625,178.224,179.551,96.085,96.085
2008-01-09,Conference Call,96.28,96.33,105.71875,105.890625,111.5625,111.875,97.0,97.1,95.86,95.86,115.15625,115.46875,190.803,190.038,96.64,96.75
2008-01-21,Conference Call,96.65,97.17,106.453125,106.7734375,112.96875,113.859375,97.495,97.87,95.875,96.09,116.671875,117.828125,188.174,185.316,97.125,97.52
2008-01-29,Meeting,97.145,97.11,106.546875,106.421875,113.140625,112.8125,97.73,97.68,96.07,96.07,117.0,116.53125,189.355,191.064,97.495,97.48
2008-03-10,Conference Call,97.38,97.365,107.7734375,107.8359375,115.21875,115.4453125,98.275,98.295,97.38,97.365,119.3125,120.09375,215.013,215.207,98.145,98.145
2008-03-18,Meeting,97.465,97.395,108.1171875,107.6484375,116.21875,115.28125,98.585,98.35,97.465,97.395,121.6875,120.703125,206.116,210.2,98.445,98.25
2008-04-29,Meeting,97.96,97.96,106.1171875,106.1484375,111.5078125,111.640625,97.805,97.84,97.74,97.74,115.34375,115.390625,213.949,209.255,97.97,97.985
2008-06-24,Meeting,97.99,97.995,105.375,105.5703125,109.78125,110.1796875,97.42,97.48,97.99,97.995,112.25,112.9375,230.215,229.023,97.81,97.815
2008-07-24,Conference Call,97.92,97.94,105.390625,105.78125,109.921875,110.7890625,97.34,97.545,98.005,98.005,113.015625,114.15625,206.131,204.385,97.65,97.77
2008-08-05,Meeting,97.96,97.965,105.9765625,105.96875,111.3828125,111.3046875,97.545,97.59,97.985,97.99,114.84375,114.703125,197.176,195.556,97.805,97.83
2008-09-16,Meeting,98.08,98.0525,107.46875,107.1796875,114.6015625,114.265625,98.385,98.23,98.08,98.0525,119.171875,118.984375,172.495,167.391,98.29,98.19
2008-09-29,Conference Call,98.19,98.1925,107.078125,107.734375,113.125,114.59375,98.32,98.465,98.19,98.1925,114.8125,116.578125,176.79,167.545,98.365,98.46
2008-10-07,Conference Call,98.68,98.635,107.8046875,107.6015625,114.734375,114.2890625,98.63,98.56,98.6225,98.395,117.96875,117.140625,150.865,152.101,98.7,98.67
2008-10-28,Meeting,99.125,99.165,107.453125,107.421875,113.796875,113.4765625,98.935,98.97,98.9625,98.965,115.125,114.359375,127.642,128.049,99.085,99.115
2008-12-15,Meeting,99.795,99.775,109.6015625,109.71875,121.203125,121.609375,99.545,99.54,99.795,99.775,127.1875,127.484375,112.644,112.641,99.655,99.635
2009-01-16,Conference Call,99.81,99.81,109.21875,109.2734375,120.40625,120.0546875,99.625,99.655,99.8575,99.855,127.015625,126.53125,111.401,112.829,99.76,99.775
2009-01-27,Meeting,99.755,99.765,109.0078125,109.0703125,118.9375,119.3984375,99.575,99.6,99.8425,99.8425,123.65625,124.71875,114.248,110.311,99.685,99.705
2009-02-07,Conference Call,99.74,99.73,108.8046875,108.6796875,117.75,117.5546875,99.595,99.58,99.76,99.755,121.828125,121.5625,113.143,112.817,99.695,99.685
2009-03-17,Meeting,99.8,99.795,108.78125,108.6796875,117.9609375,117.640625,99.66,99.66,99.8,99.795,122.875,122.390625,107.394,108.268,99.74,99.74
2009-04-28,Meeting,99.805,99.805,108.75,108.65625,117.8203125,117.421875,99.64,99.63,99.85,99.85,122.296875,121.671875,108.603,107.494,99.745,99.74
2009-06-03,Conference Call,99.8075,99.8025,108.90625,109.0,115.796875,116.109375,99.68,99.68,99.8075,99.8025,117.234375,117.828125,128.49,124.2,99.765,99.765
2009-06-23,Meeting,99.78,99.78,108.6640625,108.7265625,114.9140625,115.0546875,99.66,99.66,99.78,99.78,115.140625,115.484375,120.964,122.809,99.74,99.74
2009-08-11,Meeting,99.81,99.815,108.046875,108.140625,114.515625,114.6875,99.445,99.495,99.825,99.8275,115.640625,116.09375,129.787,128.837,99.725,99.735
2009-09-22,Meeting,99.84,99.8425,108.9140625,108.984375,116.3828125,116.578125,99.67,99.675,99.84,99.8425,118.75,117.03125,125.201,127.355,99.81,99.81
2009-11-03,Meeting,99.855,99.855,108.78125,108.796875,116.40625,116.2890625,99.58,99.575,99.865,99.865,118.484375,118.15625,133.156,134.6014,99.76,99.76
2009-12-15,Meeting,99.87,99.865,109.125,109.078125,117.1953125,116.8984375,99.695,99.67,99.87,99.865,118.921875,118.609375,134.4472,134.7162,99.795,99.785
2010-01-26,Meeting,99.855,99.85,108.8984375,108.8828125,116.125,116.1640625,99.66,99.65,99.885,99.885,117.734375,117.828125,135.1093,133.6062,99.815,99.81
2010-03-16,Meeting,99.8275,99.8275,109.0078125,109.078125,116.4609375,116.71875,99.68,99.695,99.8275,99.8275,118.3125,118.765625,131.3578,132.901,99.78,99.78
2010-04-27,Meeting,99.77,99.77,108.4609375,108.65625,114.9375,115.5859375,99.505,99.55,99.8,99.8,116.578125,117.65625,135.7618,133.3635,99.685,99.705
2010-05-09,Conference Call,99.77,99.775,109.1015625,109.0390625,116.8984375,116.59375,99.61,99.615,99.7725,99.7875,119.6875,118.9375,128.6608,130.2348,99.715,99.72
2010-06-22,Meeting,99.8125,99.815,109.4140625,109.4765625,117.890625,118.2109375,99.725,99.73,99.8125,99.815,121.15625,120.90625,128.3954,127.8164,99.77,99.77
2010-08-10,Meeting,99.825,99.825,109.6015625,109.6015625,120.171875,120.328125,99.805,99.805,99.82,99.82,124.515625,124.984375,134.9861,133.6366,99.83,99.83
2010-09-21,Meeting,99.8075,99.8075,109.78125,109.84375,120.8359375,121.390625,99.805,99.81,99.8075,99.8075,125.515625,125.75,138.2018,137.2543,99.815,99.815
2010-10-15,Conference Call,99.835,99.835,109.859375,109.8984375,121.328125,121.328125,99.825,99.825,99.8075,99.8075,126.671875,126.234375,146.9229,145.6745,99.84,99.84
2010-11-02,Meeting,99.82,99.82,109.984375,109.9765625,121.6640625,121.7109375,99.825,99.825,99.815,99.815,126.3125,126.53125,147.2782,148.4023,99.83,99.83
2010-12-14,Meeting,99.825,99.825,109.546875,109.4921875,118.8046875,118.140625,99.805,99.805,99.825,99.825,121.703125,120.421875,155.9916,155.465,99.82,99.82
2011-01-25,Meeting,99.835,99.835,109.421875,109.5078125,117.8671875,118.2421875,99.785,99.79,99.83,99.83,120.234375,120.921875,160.8751,158.1179,99.845,99.845
2011-03-15,Meeting,99.8575,99.8575,109.6875,109.65625,118.671875,118.65625,99.83,99.83,99.8575,99.8575,121.515625,121.609375,163.1375,157.5752,99.86,99.86
2011-04-26,Meeting,99.875,99.88,109.4296875,109.484375,117.765625,117.9921875,99.76,99.765,99.9,99.9,120.328125,120.671875,174.5214,173.7013,99.83,99.835
2011-06-21,Meeting,99.8975,99.9,110.0390625,110.0546875,121.0546875,121.0234375,99.83,99.83,99.8975,99.9,125.3125,125.25,158.9169,160.1087,99.86,99.86
2011-08-01,Conference Call,99.87,99.87,109.9609375,109.9609375,121.4453125,121.6796875,99.82,99.82,99.93,99.88,125.6875,126.140625,162.8146,162.4846,99.855,99.855
2011-08-09,Meeting,99.915,99.915,110.1796875,110.328125,122.5859375,123.3671875,99.9,99.91,99.9125,99.9125,128.578125,129.828125,153.0595,152.8335,99.91,99.915
2011-09-20,Meeting,99.9175,99.9175,110.3671875,110.3515625,124.0234375,123.984375,99.935,99.93,99.9175,99.9175,131.421875,131.34375,154.7106,155.2538,99.94,99.935
2011-11-01,Meeting,99.92,99.92,110.140625,110.1875,122.609375,123.046875,99.885,99.885,99.9275,99.92,129.0625,130.25,149.4779,147.2323,99.89,99.89
2011-11-28,Conference Call,99.905,99.905,110.1640625,110.203125,123.0625,123.15625,99.865,99.865,99.915,99.9175,130.65625,130.71875,141.7362,143.0226,99.87,99.87
2011-12-13,Meeting,99.92,99.9225,110.2578125,110.2421875,123.484375,123.4921875,99.875,99.875,99.92,99.9225,131.03125,131.3125,140.7678,141.6432,99.895,99.895
2012-01-24,Meeting,99.91,99.91,110.3125,110.3125,123.0546875,123.109375,99.89,99.89,99.9175,99.9175,129.984375,130.09375,143.5295,143.9862,99.905,99.9
2012-03-13,Meeting,99.885,99.8825,110.1640625,110.1328125,123.09375,122.8046875,99.845,99.84,99.885,99.8825,131.078125,130.484375,144.8762,145.9839,99.865,99.86
2012-04-24,Meeting,99.865,99.865,110.265625,110.25,123.671875,123.5625,99.85,99.845,99.8625,99.8625,131.984375,131.78125,137.9107,138.1389,99.855,99.85
2012-06-19,Meeting,99.8375,99.835,110.1875,110.1875,124.2890625,124.1953125,99.84,99.84,99.8375,99.835,134.53125,134.34375,130.1254,131.4473,99.835,99.835
2012-07-31,Meeting,99.86,99.86,110.296875,110.3046875,124.703125,124.78125,99.865,99.865,99.84,99.8425,134.5625,134.65625,145.6207,144.169,99.875,99.875
2012-09-12,Meeting,99.8625,99.8625,110.2265625,110.234375,124.6328125,124.5078125,99.875,99.875,99.8625,99.8625,133.9375,133.53125,148.6714,149.4924,99.88,99.88
2012-10-23,Meeting,99.86,99.86,110.1171875,110.1484375,123.875,123.9765625,99.855,99.855,99.845,99.845,132.109375,132.375,145.127,144.1686,99.865,99.865
2012-12-11,Meeting,99.8425,99.8425,110.2578125,110.2578125,124.828125,124.7578125,99.87,99.87,99.8425,99.8425,134.109375,133.921875,141.1744,140.6186,99.865,99.865
2013-01-29,Meeting,99.865,99.87,110.140625,110.1796875,123.6171875,123.65625,99.845,99.85,99.855,99.855,131.21875,131.21875,140.5304,140.9774,99.86,99.865
2013-03-19,Meeting,99.85,99.85,110.2265625,110.25,124.1796875,124.3046875,99.86,99.86,99.85,99.85,132.4375,132.796875,137.5206,137.3775,99.865,99.865
2013-05-30,Meeting,99.895,99.895,110.171875,110.171875,123.109375,123.125,99.86,99.86,99.89,99.89,130.46875,130.484375,131.8463,131.3124,99.88,99.88
2013-06-18,Meeting,99.9075,99.9075,110.2421875,110.25,123.0390625,123.0390625,99.88,99.88,99.9075,99.9075,130.359375,130.28125,130.7633,130.8973,99.885,99.885
2013-07-30,Meeting,99.895,99.895,110.1484375,110.140625,121.421875,121.3515625,99.85,99.85,99.905,99.905,126.53125,126.421875,126.1692,125.2678,99.875,99.875
2013-09-17,Meeting,99.9175,99.9175,110.0625,110.1015625,120.4609375,120.5546875,99.87,99.875,99.9175,99.9175,125.0625,125.21875,128.8947,128.0217,99.895,99.895
2013-10-16,Unscheduled,99.895,99.9,110.0859375,110.1171875,120.921875,121.109375,99.85,99.85,99.9,99.9075,125.859375,126.265625,127.7575,128.255,99.88,99.88
2013-10-29,Meeting,99.915,99.915,110.171875,110.1875,121.6953125,121.765625,99.87,99.87,99.91,99.91,127.5625,127.71875,126.9081,126.4931,99.895,99.895
2013-12-17,Meeting,99.915,99.915,110.1875,110.203125,121.0546875,121.234375,99.89,99.89,99.915,99.915,125.53125,125.828125,126.3384,126.0405,99.905,99.905
2014-01-28,Meeting,99.91,99.91,109.9921875,110.015625,120.078125,120.25,99.88,99.88,99.9275,99.9275,124.8125,125.078125,125.5139,126.3838,99.905,99.905
2014-03-04,Unscheduled,99.925,99.925,110.203125,110.15625,121.1015625,120.8125,99.905,99.905,99.925,99.925,126.578125,125.921875,135.3445,135.9772,99.92,99.92
2014-03-18,Meeting,99.9225,99.9225,110.109375,110.1328125,120.6484375,120.7734375,99.89,99.89,99.9225,99.9225,125.890625,126.0625,134.1247,134.7497,99.915,99.91
2014-04-29,Meeting,99.905,99.905,109.9140625,109.890625,119.2265625,119.1484375,99.87,99.87,99.9125,99.9125,124.09375,124.0,137.8149,138.6677,99.89,99.89
2014-06-17,Meeting,99.905,99.905,109.953125,109.921875,119.6953125,119.4453125,99.865,99.86,99.905,99.905,125.171875,124.75,134.7102,134.6609,99.89,99.885
2014-07-29,Meeting,99.9,99.9,109.703125,109.7109375,119.0390625,119.1484375,99.825,99.825,99.9075,99.9075,125.125,125.375,129.3386,128.6299,99.885,99.885
2014-09-16,Meeting,99.91,99.91,109.828125,109.859375,119.0625,119.171875,99.85,99.85,99.91,99.91,124.65625,124.703125,121.3571,122.2611,99.9,99.9
2014-10-28,Meeting,99.915,99.915,109.9375,109.9296875,120.0234375,119.9296875,99.855,99.855,99.9125,99.9125,127.140625,126.953125,116.8334,117.7636,99.9,99.9
2014-12-16,Meeting,99.89,99.89,109.7890625,109.84375,119.875,120.125,99.8,99.8,99.89,99.89,127.703125,128.109375,109.7779,108.2629,99.875,99.875
2015-01-27,Meeting,99.87,99.87,109.6875,109.71875,120.4765625,120.5703125,99.71,99.715,99.88,99.88,129.5,129.65625,100.745,101.3211,99.83,99.83
2015-03-17,Meeting,99.88,99.88,109.65625,109.6328125,119.8046875,119.84375,99.685,99.675,99.88,99.88,127.84375,128.109375,97.3299,96.9626,99.83,99.83
2015-04-28,Meeting,99.865,99.865,109.7109375,109.6875,120.5625,120.390625,99.67,99.665,99.8775,99.8775,129.3125,128.953125,101.765,102.061,99.795,99.795
2015-06-16,Meeting,99.87,99.87,109.5859375,109.609375,119.3515625,119.5,99.635,99.645,99.87,99.87,126.359375,126.640625,100.2693,100.5206,99.8,99.8
2015-07-28,Meeting,99.825,99.825,109.515625,109.5,119.703125,119.6328125,99.55,99.545,99.87,99.87,127.15625,127.0,92.1493,92.8979,99.69,99.69
2015-09-16,Meeting,99.8325,99.835,109.3984375,109.328125,119.671875,119.625,99.585,99.58,99.8325,99.835,127.28125,127.109375,88.571,89.4589,99.71,99.705
2015-10-27,Meeting,99.82,99.825,109.546875,109.6015625,120.3984375,120.609375,99.625,99.635,99.8725,99.875,128.59375,128.921875,86.9614,86.6234,99.72,99.73
2015-12-15,Meeting,99.7775,99.7775,109.0078125,109.0,119.3359375,119.140625,99.49,99.485,99.7775,99.7775,127.03125,126.71875,77.9609,77.5781,99.61,99.61
2016-01-26,Meeting,99.605,99.605,109.1015625,109.15625,120.0390625,120.1875,99.47,99.48,99.66,99.66,128.546875,128.8125,74.4959,75.499,99.525,99.53
2016-03-15,Meeting,99.63,99.6325,108.96875,108.9609375,119.890625,119.8359375,99.425,99.415,99.63,99.6325,128.875,128.859375,79.4295,78.8207,99.515,99.515
2016-04-26,Meeting,99.605,99.605,109.1796875,109.1328125,120.453125,120.328125,99.425,99.41,99.6375,99.6375,129.375,129.171875,82.8806,83.8387,99.52,99.51
2016-06-14,Meeting,99.6325,99.6325,109.453125,109.4375,121.7421875,121.765625,99.52,99.505,99.6325,99.6325,131.6875,131.71875,89.0837,88.7731,99.58,99.575
2016-07-26,Meeting,99.59,99.585,109.296875,109.296875,121.3984375,121.421875,99.455,99.455,99.6075,99.605,132.0625,132.125,83.9236,83.7215,99.52,99.515
2016-09-20,Meeting,99.5925,99.59,109.265625,109.2578125,121.21875,121.234375,99.42,99.405,99.5925,99.59,131.421875,131.484375,83.6063,84.2876,99.5,99.495
2016-11-01,Meeting,99.5,99.505,109.0703125,109.109375,120.796875,120.9375,99.33,99.345,99.605,99.5875,129.625,129.796875,84.9011,84.5133,99.385,99.395
2016-12-13,Meeting,99.4675,99.465,108.671875,108.6328125,118.328125,118.2109375,99.2,99.19,99.4675,99.465,124.765625,124.671875,88.1761,87.9224,99.315,99.31
2017-01-31,Meeting,99.305,99.31,108.3828125,108.3984375,117.75,117.8671875,99.055,99.06,99.35,99.35,124.21875,124.46875,87.0293,87.5922,99.17,99.175
2017-03-14,Meeting,99.22,99.2175,108.2421875,108.234375,117.03125,117.0625,98.89,98.89,99.22,99.2175,123.46875,123.5625,84.3691,83.9026,99.025,99.025
2017-05-02,Meeting,99.005,99.01,108.2734375,108.3203125,118.265625,118.4375,98.76,98.78,99.095,99.095,125.46875,125.703125,84.2066,83.85,98.875,98.88
2017-06-13,Meeting,98.9675,98.9675,108.25,108.2578125,118.6796875,118.6796875,98.75,98.75,98.9675,98.9675,126.5625,126.609375,81.5908,81.6144,98.83,98.83
2017-07-25,Meeting,98.84,98.84,108.1328125,108.078125,118.15625,117.8671875,98.7,98.69,98.85,98.85,126.15625,125.578125,82.6455,83.1124,98.765,98.76
2017-09-19,Meeting,98.845,98.845,108.1640625,108.1484375,118.296875,118.25,98.69,98.685,98.845,98.845,126.375,126.28125,85.0828,84.842,98.77,98.77
2017-10-31,Meeting,98.725,98.725,107.71875,107.6796875,117.2578125,117.1875,98.465,98.455,98.845,98.845,125.015625,124.9375,86.1478,86.1882,98.59,98.585
2017-12-12,Meeting,98.7075,98.7075,107.3125,107.3046875,116.53125,116.4765625,98.35,98.35,98.7075,98.7075,124.5,124.359375,84.2183,83.4281,98.545,98.54
2018-01-30,Meeting,98.51,98.51,106.6640625,106.6640625,114.875,114.8359375,98.165,98.155,98.5875,98.5875,121.8125,121.640625,90.6277,90.2823,98.265,98.26
2018-03-20,Meeting,98.5,98.5,106.5078125,106.4453125,114.3203125,114.1640625,98.105,98.09,98.5,98.5,121.0,120.71875,86.5238,86.7228,98.22,98.21
2018-05-01,Meeting,98.165,98.165,106.0234375,105.9765625,113.5078125,113.3515625,97.82,97.81,98.3075,98.295,119.625,119.375,89.593,89.3671,98.03,98.03
2018-06-12,Meeting,98.1775,98.1775,106.0546875,106.0390625,113.53125,113.5,97.825,97.815,98.1775,98.1775,119.765625,119.734375,89.6466,89.8981,98.05,98.05
2018-07-31,Meeting,98.04,98.045,105.6796875,105.6875,113.1171875,113.125,97.59,97.595,98.0875,98.0875,119.375,119.421875,85.3821,85.3947,97.77,97.77
2018-09-25,Meeting,98.0475,98.045,105.5625,105.53125,112.6875,112.59375,97.565,97.56,98.0475,98.045,118.625,118.453125,84.8516,85.0843,97.75,97.745
2018-11-07,Meeting,97.72,97.715,105.21875,105.1953125,112.09375,112.0390625,97.335,97.325,97.7975,97.7975,118.0,117.984375,83.6683,83.7257,97.53,97.525
2018-12-18,Meeting,97.735,97.735,105.71875,105.796875,113.671875,113.8359375,97.52,97.55,97.735,97.735,120.71875,120.953125,80.2648,79.6797,97.59,97.6
2019-01-29,,97.595,97.595,105.91796875,105.96875,114.234375,114.3828125,97.54,97.54,97.5975,97.5975,121.5,121.78125,79.8671,80.5004,97.57,97.57
2019-03-19,,97.5975,97.6,106.11328125,106.1015625,114.8984375,114.8515625,97.635,97.635,97.5975,97.6,122.59375,122.5,81.8765,82.093,97.61,97.61
2019-05-30,,97.615,97.61,106.78515625,106.79296875,116.6640625,116.6953125,97.935,97.94,97.6075,97.6075,125.625,125.6875,79.3883,79.0979,97.725,97.72
2019-06-18,,97.64,97.6425,107.16796875,107.17578125,117.5546875,117.609375,98.215,98.205,97.64,97.6425,126.96875,127.140625,77.7867,78.2444,97.94,97.945
2019-07-30,,97.965,97.955,107.29296875,107.29296875,117.6796875,117.6171875,98.37,98.355,97.595,97.595,127.453125,127.34375,79.0108,79.0834,98.235,98.215
2019-09-17,,97.94,97.925,107.296875,107.36328125,118.046875,118.2265625,98.49,98.475,97.94,97.925,128.53125,128.71875,81.3979,79.8979,98.295,98.275
2019-10-04,Unscheduled,98.46,98.44,108.18359375,108.15234375,120.1875,120.203125,98.875,98.855,98.1525,98.1625,131.75,131.90625,77.7387,77.9329,98.735,98.705
2019-10-29,,98.42,98.425,107.59375,107.59765625,118.515625,118.5546875,98.595,98.59,98.165,98.1675,129.15625,129.265625,79.4811,79.6003,98.535,98.525
2019-12-10,,98.4425,98.44,107.5390625,107.4921875,118.421875,118.359375,98.55,98.545,98.4425,98.44,129.0,128.9375,78.1409,78.5158,98.475,98.47
2020-01-28,,98.435,98.43,108.0,107.94140625,119.796875,119.6484375,98.645,98.61,98.45,98.45,130.890625,130.609375,76.2333,76.3192,98.525,98.505
2020-03-03,Unscheduled,98.715,98.985,109.046875,109.234375,122.515625,122.96875,99.34,99.465,98.715,98.985,135.265625,136.0,72.4728,73.1911,99.17,99.36
2020-03-15,Unscheduled,99.28,99.345,109.73828125,109.890625,123.1875,124.15625,99.9,99.92,99.28,99.345,135.796875,138.0625,65.3051,62.5747,99.88,99.91
2020-03-17,Cancelled,99.345,99.3275,109.890625,109.66015625,124.15625,123.390625,99.92,99.875,99.345,99.3275,138.0625,136.0625,62.5747,62.0086,99.91,99.88
2020-03-19,Notation Vote,99.305,99.3025,109.6328125,109.7890625,122.59375,123.3125,99.905,99.91,99.305,99.3025,134.375,135.3125,59.4795,61.4271,99.9,99.89
2020-03-23,Notation Vote,99.325,99.3375,109.90625,110.04296875,124.0078125,124.8125,99.915,99.935,99.325,99.3375,136.5,138.203125,61.0998,62.0083,99.895,99.915
2020-03-31,Notation Vote,99.3475,99.3475,110.1484375,110.171875,125.1875,125.203125,99.94,99.935,99.3475,99.3475,138.828125,138.6875,62.0639,61.8577,99.935,99.935
2020-04-28,,99.925,99.925,110.15234375,110.18359375,125.2109375,125.3828125,99.94,99.94,99.9475,99.9475,138.65625,139.015625,59.5528,59.6414,99.935,99.935
2020-06-09,,99.9275,99.9225,110.140625,110.18359375,125.140625,125.359375,99.945,99.945,99.9275,99.9225,137.734375,138.15625,64.6415,64.7268,99.93,99.93
2020-07-28,,99.93,99.93,110.40625,110.4296875,125.7421875,125.875,99.975,99.975,99.91,99.9075,139.46875,139.703125,68.5025,68.531,99.955,99.955
2020-08-27,Notation Vote,99.915,99.92,110.390625,110.375,125.75,125.671875,99.95,99.945,99.9025,99.905,139.3125,138.96875,72.2972,72.6157,99.93,99.93
2020-09-15,,99.91,99.9075,110.41796875,110.4140625,125.921875,125.890625,99.95,99.95,99.91,99.9075,139.734375,139.671875,71.7452,71.7964,99.925,99.925
2020-11-04,,99.92,99.915,110.3828125,110.43359375,125.5390625,125.859375,99.94,99.94,99.915,99.91,138.09375,138.984375,72.2588,72.6915,99.935,99.93
2020-12-15,,99.91,99.91,110.48046875,110.47265625,125.78125,125.7109375,99.93,99.925,99.91,99.91,138.5,138.296875,75.1855,75.7082,99.93,99.925
2021-01-26,,99.925,99.93,110.48046875,110.48046875,125.9609375,125.953125,99.935,99.925,99.91,99.9125,137.375,137.375,79.9765,80.4799,99.93,99.93
2021-03-16,,99.93,99.9275,110.421875,110.42578125,124.2421875,124.2890625,99.92,99.915,99.93,99.9275,133.078125,133.078125,85.9626,85.9592,99.925,99.92
2021-04-27,,99.915,99.91,110.36328125,110.3515625,123.953125,123.828125,99.91,99.905,99.93,99.9275,132.375,132.03125,89.5237,90.0768,99.91,99.905
2021-06-15,,99.93,99.93,110.4140625,110.40234375,124.4609375,124.4609375,99.915,99.91,99.93,99.93,133.421875,133.4375,94.314,93.5422,99.91,99.91
2021-07-27,,99.91,99.91,110.28515625,110.30078125,124.3125,124.4140625,99.905,99.91,99.9025,99.9,134.203125,134.46875,96.6417,95.8341,99.915,99.915
2021-09-21,,99.92,99.92,110.3203125,110.328125,124.0,123.9609375,99.92,99.92,99.92,99.92,133.84375,133.859375,96.0519,95.7663,99.92,99.92
2021-11-02,,99.925,99.925,109.59375,109.72265625,121.6953125,121.96875,99.775,99.8,99.925,99.925,130.65625,130.96875,103.6426,104.2177,99.89,99.9
2021-12-14,,99.92,99.915,109.50390625,109.4765625,121.5546875,121.4296875,99.7,99.69,99.92,99.915,131.515625,131.296875,96.4993,95.9836,99.87,99.865
2022-01-25,,99.8,99.785,108.6953125,108.61328125,119.7421875,119.4921875,99.27,99.22,99.9175,99.9175,128.515625,128.125,104.6155,105.6162,99.465,99.43
2022-03-15,,99.785,99.785,107.23828125,107.23828125,116.8125,116.703125,98.66,98.67,99.785,99.785,124.953125,124.8125,123.799,121.899,99.085,99.095
2022-05-03,,98.87,98.86,105.36328125,105.2890625,112.2578125,112.28125,97.285,97.22,99.22,99.2175,118.34375,118.515625,128.971,128.6199,97.98,97.945
2022-06-14,,98.8925,98.81,104.63671875,104.35546875,110.34375,109.8203125,96.71,96.455,98.8925,98.81,115.796875,114.96875,133.2447,129.0639,97.8,97.52
2022-07-26,,97.455,97.46,104.98046875,104.9765625,112.84375,112.90625,96.62,96.64,98.32,98.3175,119.65625,119.859375,118.072,119.3385,96.64,96.67
2022-09-20,,97.4325,97.4325,103.35546875,103.33203125,109.03125,108.8046875,95.585,95.58,97.4325,97.4325,114.359375,113.84375,116.8749,117.3242,95.955,95.97
2022-11-01,,95.83,95.83,102.19140625,102.09765625,106.59375,106.53125,95.05,94.97,96.92,96.215,110.59375,110.578125,113.3532,113.5167,95.15,95.125
2022-12-13,,95.8825,95.8925,102.47265625,102.80078125,108.4453125,109.1484375,95.015,95.16,95.8825,95.8925,113.59375,114.53125,112.737,114.9612,95.205,95.29
2023-01-31,,95.345,95.35,102.73046875,102.82421875,109.03125,109.2421875,95.14,95.165,95.67,95.6675,114.28125,114.515625,110.7983,111.8001,95.07,95.09
2023-03-21,,95.37,95.365,103.4140625,102.921875,109.21875,108.6328125,95.715,95.31,95.37,95.365,114.59375,113.640625,102.5698,102.707,95.23,95.075
2023-05-02,,94.895,94.96,102.94140625,103.2421875,109.328125,110.0859375,95.325,95.49,94.9575,94.9775,114.5,115.5625,103.6653,102.3281,94.945,95.09
2023-06-13,,94.885,94.9075,102.0546875,101.84375,107.75,107.296875,94.875,94.825,94.885,94.9075,112.703125,112.015625,99.9348,101.1083,94.7,94.735
2023-07-25,,94.665,94.66,101.6328125,101.52734375,107.09375,106.8203125,94.74,94.715,94.8825,94.88,112.0625,111.609375,107.6541,108.2421,94.6,94.58
2023-09-19,,94.6675,94.6675,101.390625,101.3125,105.546875,105.3125,94.585,94.575,94.6675,94.6675,109.203125,108.828125,107.4003,107.4641,94.565,94.57
2023-10-31,,94.635,94.635,101.27734375,101.2109375,104.5546875,104.4765625,94.81,94.76,94.67,94.6725,106.21875,106.171875,104.474,104.6162,94.6,94.58
2023-12-12,,94.67,94.6675,101.91796875,101.890625,106.5546875,106.640625,95.04,95.035,94.67,94.6675,110.03125,110.25,97.304,96.3658,94.715,94.71
2024-01-30,,94.715,94.71,102.66015625,102.5859375,107.9375,107.8828125,95.555,95.505,94.67,94.67,111.515625,111.625,97.9105,98.858,95.145,95.115
2024-03-19,,94.67,94.67,101.96484375,102.0703125,106.171875,106.3984375,94.99,95.0,94.67,94.67,109.359375,109.671875,99.6785,99.5907,94.77,94.775
